,sofifa_id,short_name,player_positions,pace,shooting,passing,dribbling,attacking_finishing,attacking_heading_accuracy,skill_ball_control,movement_acceleration,movement_sprint_speed,movement_agility,mentality_positioning,mentality_composure,midfield_pos
8,177003,L. Modrić,CM,74,76,89,89,72,55,92,77,71,92,79,92,2
36,182521,T. Kroos,CM,45,80,90,81,75,58,89,50,41,60,75,88,2
42,200145,Casemiro,CDM,62,72,75,72,64,76,78,58,66,62,69,84,1
44,135507,Fernandinho,CDM,66,74,79,78,69,66,82,68,64,69,70,81,1
69,189513,Parejo,CM,41,80,88,79,80,61,85,49,35,64,81,85,2
81,209499,Fabinho,CDM,68,69,78,77,66,75,82,67,69,66,70,84,1
107,199914,Allan,CM,75,71,78,84,74,59,84,79,71,82,79,85,2
115,230658,Arthur,CM,69,71,81,86,69,58,88,71,67,79,75,81,2
121,216594,N. Fekir,CAM,78,82,81,88,82,49,89,79,77,82,81,89,0
129,162347,João Moutinho,CM,56,75,85,82,73,70,85,60,53,75,74,88,2
132,171877,M. Hamšík,CM,69,77,83,83,74,74,85,70,68,77,85,84,2
134,176266,Lucas Leiva,CDM,62,66,76,78,62,72,79,64,61,77,66,86,1
219,184484,G. Sigurðsson,CAM,56,81,84,80,78,60,85,57,56,68,79,84,0
226,193474,I. Gueye,CDM,73,59,70,78,50,69,79,74,72,82,65,80,1
240,207410,M. Kovačić,CM,76,68,81,86,61,42,89,79,73,83,69,81,2
245,224293,Rúben Neves,CM,62,74,83,76,64,53,82,64,60,65,65,83,2
259,211748,K. Demirbay,CM,67,74,82,84,74,46,85,67,67,78,78,84,2
287,53302,D. De Rossi,CDM,59,64,73,69,50,81,77,60,58,62,55,92,1
291,156519,H. Herrera,CM,72,75,75,76,72,61,78,71,73,72,82,75,2
302,184942,Giuliano,CAM,81,77,79,83,77,59,84,85,77,85,81,82,0
330,234906,H. Aouar,CM,79,71,79,83,74,59,84,78,79,81,76,82,2
385,177600,Beñat,CM,49,73,84,74,65,47,84,65,36,71,77,73,2
392,184144,N. Gaitán,CAM,78,72,80,82,71,54,81,81,75,86,77,80,0
423,226161,Marcos Llorente,CDM,58,50,73,71,39,61,78,61,55,63,65,79,1
484,219985,M. Vecino,CDM,67,68,77,80,61,75,84,70,64,65,76,81,1
505,171579,Raúl García,CAM,47,82,80,77,82,90,83,44,49,57,84,83,0
557,206413,T. Stepanenko,CDM,67,61,72,69,53,69,78,71,64,63,60,81,1
569,227535,R. Bentancur,CM,70,58,78,81,52,62,85,68,72,66,64,80,2
584,230938,F. Kessié,CM,72,72,72,77,64,68,79,69,74,68,76,76,2
601,236792,T. Souček,CDM,70,68,72,72,67,79,75,66,73,66,71,75,1
644,209297,Fred,CM,76,73,75,80,72,55,81,78,74,83,69,82,2
659,205407,D. Baselli,CM,71,73,79,81,67,64,83,73,70,78,75,74,2
687,178415,R. Vormer,CM,60,74,79,70,72,70,74,66,55,65,80,79,2
689,180819,A. Lallana,CM,67,71,79,82,70,67,84,69,65,78,74,80,2
746,230251,Melvin Parrela,CDM,71,70,70,72,68,83,74,62,78,67,67,76,1
756,234943,F. Neuhaus,CM,70,66,75,79,63,58,81,74,67,79,70,75,2
763,234612,J. Ikoné,CAM,89,70,72,82,70,39,80,90,89,92,75,79,0
783,208777,Óliver Torres,CM,67,66,78,82,66,52,84,70,65,78,74,81,2
797,227234,L. Tousart,CDM,62,53,66,64,42,76,71,64,60,59,51,68,1
801,203535,T. Vilhena,CM,75,73,76,78,71,69,80,77,73,76,70,80,2
848,202024,R. Freuler,CM,66,69,75,75,65,41,79,67,66,70,77,80,2
852,209288,F. Mollet,CAM,76,74,78,79,69,41,80,78,75,79,71,73,0
878,170370,J. dos Santos,CM,72,67,78,78,61,55,79,74,70,74,73,77,2
881,170815,S. Defour,CM,60,71,78,76,67,62,78,65,55,67,73,80,2
905,183376,L. Fejsa,CDM,54,57,65,66,49,73,68,53,54,55,50,75,1
929,189606,J. Baumgartlinger,CDM,68,49,69,68,39,69,74,66,70,65,62,75,1
956,201508,G. Ramírez,CAM,63,75,78,79,74,57,81,65,61,77,74,76,0
1008,238359,Wendel,CM,78,71,74,79,61,57,78,76,79,79,69,82,2
1020,224294,L. Cook,CM,70,63,75,78,61,50,79,72,68,77,68,74,2
1027,237183,M. Rojas,CM,81,78,76,80,76,64,81,78,84,77,76,79,2
1046,211354,M. Benassi,CM,64,71,75,77,66,68,78,65,64,73,76,72,2
1105,230020,P. Lees-Melou,CM,73,67,77,77,66,59,79,72,73,75,77,76,2
1114,199767,M. van Ginkel,CM,64,77,77,75,76,74,80,62,65,69,77,83,2
1159,176731,P. Wernbloom,CDM,54,71,66,67,69,84,72,48,58,51,74,76,1
1181,184999,Maurício,CDM,74,70,75,76,65,67,79,77,72,74,73,74,1
1184,186132,D. Drinkwater,CM,59,66,76,75,60,61,77,63,55,67,71,77,2
1192,189280,A. Westwood,CM,60,60,79,74,53,60,77,63,58,74,66,78,2
1206,195096,Fransérgio,CM,58,73,73,71,67,74,75,52,63,55,77,81,2
1219,201046,R. Saponara,CAM,68,67,77,80,64,58,84,64,71,71,76,74,0
1222,203886,A. Trebel,CM,73,67,76,76,59,33,77,74,73,75,72,78,2
1249,245301,L. Baezo,CDM,71,70,69,71,68,75,73,62,78,67,67,76,1
1278,234568,Gedson Fernandes,CM,79,70,73,76,64,61,77,80,78,79,71,77,2
1301,211408,K. Linetty,CM,69,63,71,75,64,56,76,73,65,74,68,70,2
1358,200223,A. Maher,CM,70,68,77,77,63,52,80,69,71,76,69,74,2
1375,222715,Otávio,CDM,66,51,64,70,44,64,72,67,65,72,59,74,1
1405,200773,A. Wakaso,CDM,67,49,60,66,32,68,66,69,65,65,52,68,1
1431,139064,L. Ponzio,CDM,44,59,70,68,47,62,72,51,39,67,67,80,1
1454,163699,S. Sessègnon,CAM,74,71,75,79,70,70,75,72,76,84,70,75,0
1457,167669,F. Higuaín,CAM,56,71,78,74,68,62,77,63,51,69,76,77,0
1461,169706,J. Cork,CM,47,62,73,71,58,74,76,52,42,63,67,77,2
1474,176894,Mossoró,CAM,70,72,75,78,68,60,78,76,65,76,72,76,0
1482,178160,T. Mangani,CM,55,69,76,71,63,66,77,55,55,66,65,76,2
1515,188414,C. Villanueva,CAM,61,71,76,79,64,52,77,63,60,89,69,74,0
1602,230453,David Seijalbo,CDM,65,53,63,61,45,60,70,58,70,77,36,80,1
1610,245326,M. Fagundez,CDM,65,53,63,61,45,60,70,58,70,77,36,80,1
1642,230767,Renato Sanches,CM,76,72,69,77,66,64,77,77,76,77,70,68,2
1670,226376,Kaku,CAM,82,66,72,77,65,39,74,85,80,89,69,71,0
1692,220475,A. Grassi,CM,67,63,73,74,58,64,77,68,66,66,69,66,2
1696,221695,G. Donsah,CM,74,63,74,78,52,56,78,76,72,81,62,72,2
1707,229723,M. Jensen,CM,72,67,73,75,65,50,74,73,72,87,69,80,2
1726,210881,J. McGinn,CM,73,66,71,76,62,59,75,74,72,77,65,64,2
1727,213689,B. Pearson,CDM,70,50,63,71,47,50,72,72,69,70,57,73,1
1730,220854,E. Gutiérrez,CM,75,71,74,74,68,52,77,76,74,73,67,76,2
1742,230936,A. Nagy,CDM,70,54,76,80,48,54,80,71,69,79,64,76,1
1773,236311,M. Rog,CM,74,66,77,75,62,47,78,76,73,63,62,76,2
1783,202135,S. Sturaro,CM,70,67,72,75,55,68,77,71,70,73,73,74,2
1827,208535,A. Duncan,CM,71,63,73,72,50,68,74,75,68,72,68,76,2
1884,112365,R. Cohade,CM,50,59,76,72,52,63,77,52,48,60,67,74,2
1886,134820,S. Brown,CDM,63,52,65,70,44,50,71,60,66,74,47,86,1
1902,157492,J. Valdivia,CAM,59,65,76,76,62,60,78,61,57,72,62,75,0
1905,159175,A. Romao,CDM,53,55,65,69,42,70,71,51,55,64,55,77,1
1906,161805,V. Behrami,CDM,62,64,71,71,54,66,74,64,60,69,66,76,1
1918,168621,Zeca,CM,75,61,71,74,59,55,76,75,75,74,66,78,2
1923,170719,D. Buonanotte,CAM,84,67,72,79,62,36,77,82,85,90,69,68,0
1929,172768,A. Surman,CM,52,65,75,69,63,59,76,54,50,59,66,76,2
1944,181402,W. Vainqueur,CDM,65,57,67,71,50,62,73,64,65,62,56,76,1
1961,184271,Y. Sankharé,CM,63,70,72,73,70,77,74,58,67,70,71,77,2
1966,184749,D. Gosling,CM,55,68,73,70,66,65,74,56,54,62,72,76,2
1970,186143,O. Norwood,CM,57,66,78,68,58,58,76,59,55,68,59,69,2
2015,193311,P. Bargfrede,CDM,66,58,68,69,47,53,73,65,66,71,62,76,1
2052,201893,Recio,CM,40,67,73,72,58,59,75,49,33,63,75,69,2
2063,203796,F. Gutiérrez,CM,66,70,75,76,68,51,78,68,64,79,72,71,2
2115,230475,Adilson Edrada,CAM,81,71,70,75,73,56,73,79,82,81,76,67,0
2127,228813,Aleix García,CM,67,67,74,75,67,51,77,69,66,74,64,72,2
2129,229752,D. Sow,CM,78,65,72,72,62,59,74,76,79,74,68,70,2
2131,236935,H. Wolf,CAM,81,67,68,78,68,56,77,84,79,78,72,74,0
2208,219160,V. Cantillo,CDM,65,39,64,74,34,58,77,61,68,69,61,65,1
2217,228650,Francisco Geraldes,CAM,75,59,71,81,55,47,81,76,74,84,69,74,0
2225,206114,K. Olsson,CM,76,62,73,77,63,52,77,77,75,88,68,78,2
2240,220609,V. Vada,CM,62,65,74,74,67,55,75,63,61,75,71,68,2
2249,229758,R. Krunić,CM,68,73,73,76,72,70,78,69,67,74,69,68,2
2261,211098,B. Dack,CAM,76,70,71,76,72,62,73,80,73,79,77,77,0
2266,220763,R. Thomas,CM,74,58,72,78,52,42,79,76,73,76,64,76,2
2360,206306,J. Ferri,CM,64,67,71,73,60,53,73,66,63,72,70,69,2
2392,149185,F. Magnanelli,CDM,62,55,68,62,45,61,70,64,60,60,53,82,1
2416,172233,P. Hetemaj,CM,75,64,73,73,54,58,73,76,74,78,69,77,2
2443,178253,Ivo,CM,72,65,77,73,66,54,75,74,70,72,65,61,2
2464,186556,Dentinho,CAM,77,68,67,76,67,65,80,77,77,75,65,72,0
2466,186682,Montoro,CDM,42,63,69,67,54,57,75,43,42,62,66,64,1
2515,193337,J. Obi,CM,76,68,71,78,65,63,77,84,69,86,77,75,2
2532,199792,A. Christiansen,CM,74,70,70,75,67,56,73,75,73,84,71,71,2
2547,204387,Juan Carlos,CAM,67,67,72,73,72,49,74,71,63,73,75,75,0
2582,214770,D. González,CM,68,65,70,70,60,64,73,67,68,66,68,76,2
2594,216097,Idris,CDM,48,52,61,63,40,74,66,45,51,55,53,66,1
2602,223608,Eraso,CAM,53,71,72,69,72,54,75,55,52,37,79,80,0
2625,230417,Edercinho Sepa,CDM,75,72,65,67,65,73,70,74,76,68,70,69,1
2627,230437,Elias Fontoira,CDM,70,69,74,73,69,66,75,68,72,66,66,82,1
2629,230482,Marlon Nideiro,CAM,79,63,71,77,64,42,74,83,75,86,72,74,0
2639,234015,Caio Milaçar,CAM,67,68,69,76,72,47,75,68,66,76,68,79,0
2708,245275,T. Bašić,CM,54,60,74,71,53,64,75,53,55,59,69,71,2
2711,212269,R. Bazoer,CM,74,64,72,75,58,63,77,74,74,74,66,72,2
2793,231007,J. Mišić,CM,66,67,70,74,62,58,76,65,67,69,67,74,2
2825,229739,J. Góralski,CDM,72,46,63,67,42,55,68,70,73,84,62,75,1
2829,146947,Vesga,CM,39,61,68,65,56,70,76,39,39,50,58,68,2
2909,189177,J. Fleck,CM,72,64,73,75,59,44,73,77,67,79,62,75,2
2920,198331,M. Vydra,CAM,81,74,67,73,75,59,74,83,79,78,76,72,0
2923,200683,O. Rashid,CM,70,67,73,74,61,45,75,69,70,72,65,79,2
2981,142950,R. Martínez,CM,53,70,72,70,69,55,73,57,50,70,74,71,2
3015,172517,M. Jensen,CM,73,68,72,74,65,56,77,75,72,72,68,82,2
3018,175314,K. McDonald,CDM,49,59,70,67,54,56,73,47,50,53,60,78,1
3118,192449,M. Stiepermann,CAM,66,72,70,72,67,64,73,64,68,67,74,74,0
3126,192955,M. Klich,CM,59,70,72,71,70,48,75,60,59,67,74,75,2
3210,211124,P. Hurtado,CAM,81,71,71,75,69,72,76,78,83,75,68,70,0
3231,215157,F. Lértora,CDM,64,51,63,65,49,80,73,64,64,65,54,64,1
3258,230259,Juliano Mascarinhas,CDM,64,53,65,63,52,58,64,66,62,61,62,72,1
3269,230435,Luis Couprins,CDM,75,65,66,62,57,71,60,76,74,81,54,61,1
3302,239744,M. Cuisance,CM,71,67,77,75,59,49,74,77,66,84,61,62,2
3316,239732,S. Żurkowski,CM,81,62,67,69,58,51,71,77,85,70,68,78,2
3339,241856,Manu Morlanes,CM,66,62,72,72,60,55,77,71,62,71,65,67,2
3402,242845,D. Nedelcu,CDM,69,54,62,62,39,65,65,66,72,61,47,40,1
3407,252308,A. Musrati,CDM,53,51,66,65,46,51,70,51,55,42,54,76,1
3418,224158,S. Amrabat,CM,68,57,71,72,49,65,74,68,68,69,60,71,2
3433,237131,J. Rodríguez,CDM,69,44,66,66,33,58,73,69,69,70,55,58,1
3436,251221,L. Kalvach,CDM,71,60,67,70,57,65,70,70,71,71,60,67,1
3466,229526,M. Malyshev,CDM,71,65,66,68,58,56,70,70,71,74,63,64,1
3480,201093,N. Powell,CAM,67,70,66,72,71,64,73,69,66,70,72,69,0
3538,212424,W. Trapp,CDM,57,54,70,70,43,54,74,55,59,66,54,74,1
3539,213092,S. Piette,CDM,63,44,60,64,34,60,66,62,63,66,39,68,1
3583,244709,M. Jevtović,CDM,57,59,65,60,48,71,65,55,58,61,54,62,1
3597,205343,J. Akpa Akpro,CM,80,67,70,71,65,65,70,77,82,78,69,70,2
3598,208160,D. Jevtić,CAM,71,66,71,71,67,51,71,71,71,78,71,66,0
3632,199809,T. Sušić,CM,66,68,74,73,66,60,76,64,67,69,64,69,2
3690,54033,T. Huddlestone,CDM,40,70,75,63,60,72,78,34,44,33,57,83,1
3704,152922,E. Barreto,CM,59,66,72,68,56,60,73,59,59,65,69,72,2
3713,159043,J. Pitroipa,CAM,77,63,66,76,62,52,75,79,76,78,72,67,0
3723,167599,R. Elm,CM,47,66,76,67,60,62,71,50,45,68,67,80,2
3741,173370,B. Feilhaber,CM,56,69,72,74,64,55,76,57,56,71,67,77,2
3767,182343,Hao Junmin,CM,71,64,73,71,62,35,72,74,69,75,69,66,2
3781,184220,M. Diskerud,CM,69,69,72,70,70,59,72,70,68,70,70,71,2
3798,188000,Sandro Manoel,CDM,67,55,69,64,43,54,68,66,67,71,36,64,1
3826,190084,P. Tachtsidis,CM,49,59,73,64,45,72,75,47,50,44,57,72,2
3845,192540,M. Duffy,CAM,66,62,72,74,63,42,72,68,64,71,67,71,0
3852,193420,M. Schmiedebach,CDM,64,47,67,70,31,54,70,65,63,74,64,73,1
3890,201220,L. Memushaj,CM,69,60,71,74,52,44,72,76,64,90,64,78,2
3895,202107,A. Morales,CM,67,58,69,70,53,55,73,66,67,72,62,67,2
3911,204555,R. Álvarez,CAM,57,69,73,74,66,64,74,60,55,71,70,73,0
3932,210374,J. Vigón,CM,69,60,68,68,55,71,72,70,69,63,60,70,2
3942,213498,S. Martinsson Ngouali,CM,71,60,67,72,59,58,69,70,71,77,66,75,2
3999,230281,Mauro Riboas,CAM,66,61,70,73,44,42,75,67,66,74,75,81,0
4010,230424,Sandelas Júnior,CDM,62,53,63,63,46,61,67,60,63,62,43,69,1
4040,251718,B. Vendaza,CDM,62,36,62,62,35,65,67,63,62,57,47,53,1
4042,242816,Riqui Puig,CM,65,57,73,76,58,49,77,68,63,82,55,75,2
4048,231089,I. Sissoko,CM,51,51,64,64,41,58,69,50,52,50,65,68,2
4106,229337,Matheus Pereira,CAM,75,59,66,78,60,52,79,75,75,77,64,73,0
4110,234889,F. Jensen,CAM,66,68,66,73,68,56,74,67,66,69,67,72,0
4175,205818,R. Woods,CDM,70,54,69,73,49,48,73,72,69,87,58,67,1
4176,210688,A. Trondsen,CM,77,67,70,70,63,50,69,75,78,81,64,64,2
4202,231428,F. Bandinelli,CM,73,67,69,71,66,64,70,74,72,66,63,66,2
4260,204939,O. Petrák,CDM,76,44,64,66,30,75,69,74,77,67,43,71,1
4279,214485,J. Rodríguez,CM,72,64,71,71,65,42,71,76,68,77,68,69,2
4317,248098,F. Mrzljak,CDM,69,48,61,66,37,54,71,72,66,78,34,58,1
4375,205594,Dener,CM,64,63,68,70,59,60,73,66,63,67,64,70,2
4410,235226,Ângelo Neto,CM,62,64,67,72,60,46,74,66,59,67,65,71,2
4422,49756,J. Poulsen,CM,48,70,72,67,67,52,68,45,51,70,69,67,2
4441,152567,A. Tettey,CDM,64,64,64,62,56,62,63,62,65,68,54,65,1
4452,161703,E. Culio,CM,44,68,71,69,64,57,71,49,40,60,65,83,2
4482,178152,R. Faty,CDM,53,49,59,67,39,73,74,53,53,64,50,68,1
4550,190528,J. Gol,CDM,62,63,68,70,62,69,68,65,60,74,66,71,1
4561,192329,N. Obiora,CDM,65,46,57,62,28,67,68,65,65,64,56,66,1
4628,202491,T. Carroll,CM,66,58,73,69,57,46,75,67,65,78,65,68,2
4630,203594,H. Kekana,CDM,69,73,67,65,65,56,66,69,69,60,62,77,1
4647,206042,J. Dezi,CM,76,62,66,71,65,52,72,77,75,72,66,72,2
4693,219751,Alex Soares,CM,64,62,66,72,54,53,73,68,61,64,65,57,2
4701,224336,T. Romanczuk,CDM,64,64,65,62,65,66,60,69,60,69,67,64,1
4713,230263,Adeilson Gesser,CAM,81,58,67,73,62,59,74,73,88,84,70,64,0
4728,230459,Tiago Pombeira,CAM,78,64,68,74,61,39,70,80,76,82,66,63,0
4731,230531,Saberto Botelho,CDM,67,51,54,57,42,69,62,65,68,58,51,67,1
4751,236175,Marlion Rolim,CAM,67,66,65,69,70,54,73,62,71,72,74,76,0
4773,241637,A. Tchouaméni,CM,72,53,63,71,49,64,73,69,74,67,67,70,2
4776,246309,Miguel Luís,CM,67,61,69,73,52,57,74,68,67,74,60,70,2
4778,226401,K. Dowell,CAM,63,68,69,72,68,53,71,62,64,69,64,70,0
4788,235526,D. Geiger,CM,65,45,67,76,38,29,79,67,63,85,46,57,2
4818,230686,J. Makengo,CM,68,64,71,71,62,69,74,69,67,63,63,68,2
4834,244624,Alex López,CM,63,53,66,71,55,51,75,59,67,67,66,64,2
4898,247076,C. Oliva,CM,64,59,68,68,51,59,72,64,64,71,58,64,2
4905,219952,L. Henderson,CM,62,59,68,69,56,47,73,55,67,71,62,73,2
4914,229011,K. N'Doram,CDM,56,33,60,62,28,69,68,58,54,55,50,64,1
4920,234688,S. Campo,CAM,74,60,73,71,56,38,73,73,74,71,64,57,0
4942,224756,A. Lusamba,CM,69,59,66,76,64,56,76,74,65,76,71,64,2
4982,214919,D. Rojas,CAM,67,63,69,74,61,40,71,68,67,90,67,58,0
4991,221467,Lee Chang Min,CM,66,63,65,64,56,59,65,66,66,67,70,66,2
4999,225629,T. Valls,CM,65,60,66,68,58,54,70,66,64,65,59,71,2
5032,198046,D. Dąbrowski,CDM,68,57,65,66,49,58,69,76,61,73,61,70,1
5069,244750,Z. Kožulj,CM,70,70,69,69,68,52,70,71,69,72,68,67,2
5096,210548,L. Capezzi,CM,48,59,70,66,56,60,70,49,47,69,68,72,2
5103,214208,L. Pico,CDM,60,45,65,65,30,62,67,66,55,69,59,71,1
5110,219896,D. Holman,CAM,74,65,64,71,71,56,75,73,74,62,64,71,0
5118,239414,F. Deli,CM,55,62,66,68,65,47,71,56,54,60,74,58,2
5132,201965,S. Thern,CM,76,65,66,71,62,44,69,77,75,81,64,68,2
5139,209372,M. Saymak,CAM,72,65,65,72,61,39,73,73,72,75,70,68,0
5144,216286,J. Andersen,CM,73,61,67,68,59,54,72,70,75,63,65,70,2
5151,228644,R. Strieder,CDM,46,41,67,65,32,54,70,48,44,71,44,70,1
5178,200770,F. Haugen,CM,77,68,70,69,65,49,70,77,77,82,70,71,2
5183,201917,Y. Sylla,CDM,70,53,62,62,45,60,66,69,71,70,64,65,1
5184,202458,N. Foor,CM,78,68,68,74,68,40,72,82,74,88,66,68,2
5192,207805,L. Sadiku,CDM,49,57,60,61,43,54,68,56,44,69,53,69,1
5236,105318,J. Valdés,CM,59,69,75,73,65,45,76,57,60,71,70,69,2
5261,158293,Zheng Zhi,CDM,48,64,67,72,60,66,77,64,35,69,63,75,1
5265,162223,A. Baumjohann,CAM,69,63,68,73,63,59,72,70,68,74,65,65,0
5330,178448,A. Luci,CM,64,58,71,67,48,51,70,68,61,74,60,67,2
5349,183414,D. Di Gennaro,CM,67,63,74,69,60,50,71,66,67,67,65,70,2
5381,188721,D. Fettouhi,CAM,68,63,70,76,57,55,74,68,68,77,64,80,0
5392,190122,P. Coutts,CM,58,62,70,67,59,51,72,57,58,65,57,72,2
5400,190575,F. Zuculini,CM,68,56,68,71,50,57,73,66,70,74,58,72,2
5413,192320,G. Gardner,CM,54,67,69,65,58,72,72,52,55,60,62,73,2
5418,193029,A. Ajdarević,CM,62,66,74,70,58,61,76,58,65,48,65,70,2
5430,193909,Escassi,CDM,46,41,62,63,36,67,70,56,38,70,50,57,1
5486,202311,Kim Eun Sun,CDM,71,59,64,64,54,61,66,69,72,72,62,53,1
5531,210168,D. Sciaudone,CM,76,69,69,69,69,74,71,68,83,72,68,68,2
5558,214545,E. Blanco,CDM,70,55,60,60,53,63,68,67,73,65,55,70,1
5604,229276,P. Bartolomei,CM,77,65,69,70,59,59,72,79,75,69,60,67,2
5621,230464,Alam Basteirinho,CAM,53,61,71,71,59,48,71,51,55,63,68,71,0
5633,234017,Allan Ardaújo,CAM,64,60,70,69,56,55,75,62,65,68,65,62,0
5641,236145,Luan Sendeiro,CDM,69,56,71,60,52,74,69,66,71,56,52,55,1
5642,236172,Nilson Padilho,CAM,71,59,65,70,56,60,73,67,74,78,72,68,0
5680,225964,J. Carrascal,CAM,70,63,60,76,68,46,74,68,71,81,67,73,0
5696,232669,S. Singh,CAM,71,60,70,71,58,44,70,73,69,76,58,71,0
5713,235942,F. Cassata,CM,65,48,68,71,36,29,75,67,63,66,57,57,2
5722,245630,Y. Fofana,CM,75,61,63,70,54,58,69,76,75,74,62,69,2
5733,233585,Lincoln,CAM,81,58,64,74,52,50,72,82,80,85,64,72,0
5735,235379,E. Ndoj,CM,76,58,67,70,53,61,71,79,74,65,52,68,2
5741,240458,Ander Guevara,CM,51,61,68,69,68,46,72,57,46,67,62,68,2
5749,247288,I. Camará,CDM,62,45,54,62,38,62,66,61,62,51,32,58,1
5763,234948,L. Amani,CM,79,61,63,74,56,41,73,78,79,83,64,71,2
5766,236288,I. Mathew,CM,80,62,64,70,58,48,66,78,81,79,60,67,2
5785,220529,L. Palmiero,CM,63,64,70,69,62,56,73,63,63,66,65,68,2
5831,225071,B. Whiteman,CDM,71,60,65,67,61,55,68,73,70,74,63,66,1
5833,226157,Javi Muñoz,CM,70,61,67,69,58,46,70,68,72,63,64,58,2
5862,214907,F. Bahlouli,CAM,65,60,66,75,58,61,76,63,67,74,66,69,0
5871,222391,J. Minala,CM,59,63,64,68,63,60,70,69,50,61,63,63,2
5932,223820,C. Rodríguez,CAM,70,63,67,70,63,44,65,68,72,69,67,53,0
5942,228810,J. Amoah,CM,71,51,64,75,54,44,75,72,71,75,67,74,2
5987,213614,S. Gustafson,CM,57,59,68,72,56,49,73,60,55,75,60,63,2
6020,198379,G. Thorne,CDM,49,61,66,63,59,62,68,45,53,57,53,73,1
6052,212469,A. Ghazal,CDM,51,35,57,63,25,73,65,52,51,60,47,71,1
6069,224123,D. Agazzi,CM,64,46,64,69,34,45,69,70,59,78,66,65,2
6083,235707,D. Flores,CAM,70,63,68,70,62,46,71,73,67,85,63,66,0
6085,241757,G. Chaalali,CAM,63,69,67,73,64,58,72,64,63,68,57,60,0
6155,199663,Renato Neto,CM,36,64,71,66,53,74,72,38,35,50,71,74,2
6161,202050,T. Bruns,CM,71,62,68,68,58,60,68,69,72,73,70,70,2
6184,214459,C. Valenzuela,CAM,69,55,71,71,57,33,68,75,64,86,61,55,0
6185,214533,J. Villota,CAM,66,62,67,71,59,54,72,70,63,77,67,67,0
6232,52126,F. Balmont,CM,33,64,71,65,61,49,71,33,33,46,62,72,2
6239,137406,D. Croce,CM,78,59,68,72,51,50,69,80,77,82,66,73,2
6262,163303,G. Whelan,CDM,42,63,68,64,61,64,68,32,50,63,60,70,1
6278,169593,K. Lee,CM,63,59,68,69,65,59,72,66,61,65,69,68,2
6281,170612,V. Basha,CDM,63,61,66,65,53,55,66,65,62,62,65,62,1
6283,172258,José Semedo,CDM,47,41,54,57,35,65,63,48,47,56,21,64,1
6286,172756,T. Jodłowiec,CDM,43,49,63,58,33,68,62,48,39,32,56,68,1
6324,183382,G. Mandjeck,CDM,72,46,59,65,43,65,65,73,71,74,58,65,1
6342,184944,Charles,CDM,68,64,60,67,57,57,67,69,67,75,55,67,1
6346,186578,A. King,CM,58,64,67,66,61,71,65,60,57,66,70,69,2
6363,189186,A. Shinnie,CM,68,62,69,71,63,60,72,66,69,78,67,70,2
6379,191096,K. Hyland,CDM,54,61,63,67,49,67,69,58,51,56,64,70,1
6406,194149,F. Ulvestad,CM,64,57,64,68,54,65,68,66,63,69,63,67,2
6413,196072,R. Millar,CM,52,67,71,68,65,60,70,42,61,64,66,74,2
6418,197376,C. Fandrich,CM,75,56,66,73,53,18,72,84,68,85,65,64,2
6426,198322,Aguilera,CDM,47,54,65,70,52,37,70,51,44,79,59,76,1
6435,199407,D. Post,CDM,40,58,58,60,52,68,68,45,36,37,52,67,1
6443,200606,M. Cañete,CAM,53,63,69,69,61,45,70,56,51,72,65,58,0
6445,200966,B. Corgnet,CAM,50,66,69,71,60,73,72,49,50,62,67,63,0
6453,202465,R. Towell,CM,67,64,66,67,63,55,69,68,67,73,64,64,2
6485,208861,J. Gastien,CDM,64,63,63,71,65,56,69,62,65,76,65,62,1
6489,210137,J. Palomino,CDM,71,48,60,65,32,74,68,69,72,72,54,64,1
6502,214315,L. Narváez,CDM,35,48,60,54,57,71,65,34,35,39,53,70,1
6538,220931,M. Maleš,CDM,78,64,62,63,55,48,64,77,78,67,57,67,1
6541,222970,E. Oztumer,CAM,78,66,66,71,65,36,68,83,73,94,60,76,0
6571,230253,Alson Botelho,CDM,63,46,55,62,42,70,62,67,59,69,42,64,1
6580,230490,Sandro Maceira,CAM,72,63,71,68,62,56,68,70,73,76,67,73,0
6588,234002,Caio Tafarell,CDM,65,54,62,55,42,64,58,66,64,68,55,74,1
6589,234018,Sandeiro Leal,CAM,68,70,66,68,67,64,70,66,70,63,70,67,0
6595,235164,L. Mora,CM,62,61,70,67,55,60,72,60,64,59,68,65,2
6596,236165,Paulo Daineiro,CAM,85,56,63,74,58,45,67,86,85,83,72,73,0
6607,240631,A. Settembrini,CM,71,58,67,68,57,63,70,70,71,64,61,64,2
6646,242204,C. Kouan,CM,67,65,64,71,64,68,70,67,67,73,64,62,2
6672,238580,I. Voca,CDM,62,49,59,64,52,59,67,59,64,66,51,64,1
6673,238958,R. Harper,CM,69,53,65,68,42,60,69,71,67,68,64,76,2
6675,239807,D. Frattesi,CM,67,56,67,69,44,58,70,72,62,70,67,65,2
6713,239613,M. Pessina,CM,68,48,65,69,42,60,70,67,68,70,62,64,2
6727,222355,L. Valzania,CM,69,60,63,68,56,46,70,73,65,59,66,63,2
6729,224062,P. Dziczek,CDM,63,47,60,65,43,63,66,62,64,68,63,64,1
6744,230817,José Machín,CM,64,54,67,70,50,60,71,65,64,67,63,61,2
6749,237152,D. Irandust,CAM,74,55,63,69,59,39,72,76,72,71,65,64,0
6778,229500,Jaquité,CDM,67,44,55,65,32,56,64,68,66,78,43,55,1
6780,231713,K. Salazar,CAM,72,53,66,72,49,34,70,73,71,72,62,60,0
6810,211595,G. Evans,CDM,65,65,64,62,65,63,65,64,65,65,67,62,1
6814,215574,E. Rakip,CM,68,57,65,71,52,46,69,73,64,86,70,65,2
6818,220201,I. Ledezma,CAM,63,67,61,72,72,48,69,65,62,77,57,61,0
6834,230860,D. Poha,CM,74,61,67,69,57,55,69,77,72,75,46,65,2
6844,239096,A. Karazor,CDM,50,36,56,61,35,68,65,50,50,64,34,54,1
6849,199142,K. Qaka,CM,74,56,66,74,52,44,74,76,72,91,57,62,2
6860,219990,V. Hoff,CM,69,56,65,69,56,59,68,68,70,74,62,60,2
6870,225381,J. Petriccione,CM,58,50,68,67,49,59,70,62,54,62,67,57,2
6875,231913,F. Aursnes,CM,74,64,67,67,62,57,67,72,76,78,66,65,2
6882,236037,P. Clement,CM,69,60,68,69,59,55,69,72,66,77,58,67,2
6903,210619,Jordi Quintillà,CM,68,51,69,68,45,54,69,66,69,78,58,58,2
6947,233840,E. Kouassi,CDM,69,46,58,62,42,54,64,69,69,69,38,50,1
6956,247696,A. Barman,CDM,63,48,58,62,38,58,65,64,63,60,43,60,1
6961,204131,K. Escamilla,CDM,59,55,63,54,55,46,69,64,55,64,45,60,1
6968,213841,V. Lekhal,CDM,74,40,60,58,30,62,65,76,72,75,52,61,1
6971,215328,G. Gil Romero,CDM,70,53,61,63,46,58,66,68,71,69,54,64,1
6984,232358,Judson,CDM,70,48,57,59,43,40,60,73,68,69,44,68,1
6991,237882,L. Parunashvili,CDM,57,49,62,62,44,48,67,61,53,60,51,68,1
6996,239980,O. Popescu,CDM,66,40,61,56,30,65,66,67,66,63,47,63,1
7009,202889,A. Öztürk,CDM,64,58,66,64,46,65,61,69,60,68,55,60,1
7122,244474,M. Bordeianu,CDM,74,51,58,70,48,44,73,72,75,70,59,70,1
7153,203187,A. Salifu,CM,74,59,64,66,51,59,71,75,74,76,55,67,2
7170,211212,A. Oueslati,CAM,66,60,68,70,60,50,74,65,67,71,64,63,0
7193,222533,Nuno Valente,CM,70,61,66,69,56,53,69,72,69,74,64,65,2
7203,229245,P. Corral,CM,52,64,65,60,59,47,58,47,56,58,66,57,2
7211,238944,Z. Majer,CM,64,58,67,70,57,52,70,68,60,67,57,69,2
7216,251132,E. Piovi,CM,76,55,68,74,51,47,71,79,73,86,55,65,2
7220,46857,M. Pedersen,CM,38,66,72,68,64,52,68,36,39,68,66,74,2
7222,50955,J. Cavalli,CAM,59,61,69,71,57,50,71,58,60,78,65,71,0
7246,156683,S. Holmén,CM,66,65,66,65,61,64,66,67,65,67,64,63,2
7253,158790,G. Bustamante,CAM,65,65,66,69,66,43,67,64,65,75,62,66,0
7256,162047,Zapater,CM,48,64,69,61,58,60,64,58,40,56,60,62,2
7295,174732,G. Gómez,CDM,60,58,68,64,50,61,67,58,61,80,55,68,1
7343,184242,F. Ojo,CM,68,61,67,68,57,56,70,70,66,80,58,73,2
7349,185018,J. Fontaine,CDM,66,66,70,65,60,40,67,74,60,60,61,63,1
7360,186559,J. Butterfield,CM,57,61,67,68,60,49,71,64,52,66,67,65,2
7363,186993,J. Cortés,CM,65,68,69,68,66,59,68,64,66,72,67,66,2
7374,188383,P. Valdivia,CM,52,68,66,62,67,62,67,52,52,71,64,67,2
7380,189311,T. Hateley,CDM,72,54,67,67,40,65,69,73,72,72,55,68,1
7394,190408,M. Reginiussen,CM,71,67,63,66,66,68,66,70,71,75,70,67,2
7519,209413,M. Matras,CDM,49,50,57,53,49,66,60,46,51,31,45,64,1
7525,210028,W. Bakhashwain,CDM,63,45,59,67,31,66,66,60,66,69,57,73,1
7544,213375,A. Vacca,CM,73,50,62,67,49,44,66,72,74,60,60,70,2
7563,215118,F. Manríquez,CM,57,63,71,65,54,56,71,48,64,60,59,64,2
7571,216138,M. Arini,CM,56,50,63,64,37,58,68,69,46,70,60,71,2
7585,220638,Luismi,CDM,53,33,56,58,21,54,63,58,49,59,25,61,1
7654,234014,Jorgino Baumer,CAM,63,60,64,72,69,50,68,68,59,77,76,65,0
7655,234022,Adrián Maideira,CAM,79,69,61,68,67,54,63,80,79,82,71,59,0
7656,234025,Davide Eustáquio,CAM,69,62,62,69,65,57,68,67,71,74,73,51,0
7670,238692,K. Gjasula,CDM,40,50,59,52,43,67,61,34,44,49,48,68,1
7688,251720,R. Mandive,CDM,58,59,64,63,51,70,66,60,57,55,40,67,1
7698,237329,J. Willock,CM,73,53,64,68,51,41,69,74,73,70,66,60,2
7707,246033,S. Sosa,CDM,61,56,59,62,55,53,64,63,59,64,52,65,1
7710,237407,C. Durkin,CDM,60,45,61,59,33,52,65,53,66,49,31,60,1
7719,236368,G. Maggiore,CM,61,53,61,64,45,52,66,61,61,62,58,67,2
7722,241928,A. Sambi Lokonga,CM,68,44,67,73,38,48,74,68,68,81,51,71,2
7724,242619,C. Doucouré,CDM,71,42,63,66,35,57,67,69,72,74,51,65,1
7729,225812,B. Rovira,CDM,57,59,65,61,58,69,66,60,55,64,47,60,1
7737,247854,M. El Hacen,CDM,42,38,52,56,33,57,61,40,43,41,47,60,1
7750,240216,M. Carraro,CM,57,55,65,66,50,60,68,57,57,56,42,58,2
7752,241278,O. Moruţan,CAM,72,56,58,74,57,54,72,75,69,76,58,72,0
7757,244863,Y. Benrahou,CAM,69,52,65,71,50,46,72,74,65,70,61,61,0
7768,224842,G. Docherty,CM,66,56,65,68,55,58,68,64,68,74,59,62,2
7778,237840,M. Andersen,CM,71,53,64,69,54,45,71,75,67,77,60,71,2
7779,237982,Y. Guzmán,CAM,75,55,61,73,61,48,74,79,71,75,62,69,0
7804,231848,Q. Boisgard,CAM,63,58,69,67,57,48,68,63,63,65,65,65,0
7814,236247,H. Kane,CM,71,59,63,65,60,56,67,69,72,67,59,59,2
7828,243011,S. Guzmán,CDM,69,47,63,63,30,46,69,68,70,66,56,66,1
7830,244210,Jimmy,CM,67,43,64,66,38,34,67,66,68,66,56,70,2
7859,233705,J. Sørensen,CM,66,55,61,67,55,60,68,66,66,73,64,64,2
7877,244960,Bruno Costa,CM,67,63,68,72,58,46,73,71,63,75,62,63,2
7917,241804,O. Nor Afkan,CDM,62,51,69,62,36,62,67,61,63,67,32,63,1
7925,247258,L. Ofori,CM,70,55,63,73,51,48,74,67,72,68,57,72,2
7928,208302,A. Gilbey,CM,76,60,62,66,54,64,63,74,78,79,59,61,2
7941,221336,L. Houri,CM,66,56,68,70,47,55,68,68,65,75,65,63,2
8046,207956,P. Mpanzu,CM,79,57,63,68,53,65,66,80,78,66,62,68,2
8068,224504,I. Poblete,CAM,69,61,65,70,65,37,69,70,68,79,64,68,0
8072,225016,G. Di Noia,CM,70,62,65,64,63,60,67,68,71,61,61,53,2
8084,230906,K. Osorio,CM,71,69,65,68,70,69,69,67,74,80,68,66,2
8097,237541,André Pedrosa,CDM,65,50,65,65,39,53,67,66,64,60,58,59,1
8112,204220,C. Edwards,CM,56,66,67,65,59,53,65,59,53,76,66,64,2
8135,222645,L. López,CM,65,50,65,65,45,58,66,66,64,67,62,66,2
8143,229677,F. Bambock,CDM,62,49,56,60,38,48,60,59,65,61,59,60,1
8153,251600,Leandro Vilela,CDM,56,42,59,64,36,49,65,55,56,64,40,63,1
8158,198702,K. Barmen,CM,63,65,64,66,64,70,68,66,61,58,69,73,2
8161,200746,J. Lundstram,CM,65,58,64,62,55,52,68,66,64,68,54,67,2
8184,213530,N. Poulsen,CM,56,44,66,66,41,53,66,61,52,72,57,71,2
8212,233140,R. Harakawa,CM,80,58,64,70,55,38,68,84,77,86,53,64,2
8218,235779,J. Noy,CDM,66,37,59,61,32,63,65,68,65,55,54,64,1
8223,237655,B. De Alba,CAM,80,54,66,69,50,35,66,78,82,80,62,55,0
8244,201484,P. McEleney,CAM,78,60,64,68,57,56,67,73,82,84,63,71,0
8254,207744,A. Youga,CDM,53,52,55,55,45,69,63,51,54,43,62,57,1
8303,203426,K. Løkberg,CM,65,62,62,67,59,54,65,64,65,83,62,67,2
8352,126883,A. Durak,CDM,68,61,64,69,60,60,70,68,68,76,59,54,1
8371,152620,J. Samuelsen,CM,56,61,65,68,59,57,67,58,55,70,68,72,2
8378,159040,G. Munari,CM,32,66,66,63,61,74,66,33,31,72,65,76,2
8390,163908,M. Troiano,CM,59,55,63,56,45,65,66,61,58,58,53,65,2
8404,172825,R. López,CM,67,60,68,69,66,50,73,65,69,69,65,50,2
8413,176380,D. Ferreira,CAM,54,60,70,69,57,52,68,47,60,68,62,71,0
8484,191843,A. Al Khaibari,CDM,66,45,53,58,37,63,62,65,67,67,39,64,1
8490,192439,M. Davidson,CM,72,59,62,67,58,68,66,77,67,85,66,68,2
8498,193358,Romário,CM,69,67,65,74,67,33,73,74,65,90,70,70,2
8545,200898,A. Crawford,CM,72,65,66,69,63,52,67,71,73,80,64,60,2
8608,214319,F. Rodríguez,CDM,46,37,53,50,32,72,55,39,51,56,39,61,1
8626,216273,J. Kauko,CM,61,60,59,63,61,68,67,55,65,61,69,69,2
8642,221824,Piao Cheng,CM,73,59,66,69,54,48,65,71,75,78,63,68,2
8683,230268,Estevãtinho,CAM,49,57,73,64,54,49,71,47,51,53,64,62,0
8712,234004,Tomás Nuninho,CDM,53,49,59,60,43,66,63,48,57,52,44,57,1
8713,234016,Welliton Helmes,CAM,74,63,61,71,65,40,71,76,72,74,58,63,0
8717,236169,Frederico Rendel,CAM,77,65,62,66,53,53,65,79,76,68,75,71,0
8731,242028,R. Blanco,CAM,65,62,68,68,60,39,68,66,65,59,60,59,0
8767,235955,R. Guitane,CAM,77,54,62,72,55,39,69,76,78,79,55,62,0
8781,238282,M. Coulibaly,CM,72,57,64,65,52,63,64,74,71,69,60,63,2
8810,244050,W. Burger,CM,68,55,61,66,50,60,70,70,66,59,60,60,2
8822,245237,I. Saavedra,CM,65,57,58,69,56,43,68,67,63,78,61,70,2
8903,248257,S. Galani,CM,66,51,63,59,51,47,72,59,71,62,66,62,2
8906,213488,D. De Silva,CAM,75,60,59,70,59,27,68,77,74,81,60,65,0
8907,215036,F. Cornejo,CM,68,48,65,63,41,54,67,64,71,71,59,56,2
8914,225355,W. Parra,CDM,71,45,57,63,39,47,63,75,67,83,50,68,1
8918,226249,M. Odjer,CM,84,56,53,68,45,48,66,88,81,78,65,57,2
8921,229082,O. Abildgaard,CM,64,62,63,67,58,72,69,66,63,67,60,64,2
8951,241406,J. Intriago,CM,69,45,65,67,30,64,68,70,69,66,52,55,2
8953,241462,R. Guerra,CDM,55,55,57,64,59,55,67,59,52,55,56,53,1
8958,243074,S. Icardi,CDM,61,52,60,63,46,53,63,59,63,63,49,63,1
8960,244438,Y. Diarra,CM,71,59,63,66,56,54,66,70,71,68,54,57,2
8966,251790,H. Rafia,CAM,66,65,63,71,60,38,71,68,64,63,59,63,0
8973,220139,S. Szmodics,CAM,79,65,59,69,65,36,66,82,77,87,66,63,0
8977,222256,T. Bishop,CM,70,59,66,71,62,41,70,69,71,75,63,68,2
8980,224855,G. Byers,CM,64,53,63,66,51,41,70,62,65,58,52,60,2
8994,230134,Sergio Molina,CDM,59,44,61,61,43,62,63,63,56,57,37,50,1
8995,230888,A. O'Neill,CM,75,64,61,66,66,45,68,74,75,78,59,70,2
9029,206562,L. Thompson,CM,64,50,63,65,48,49,67,67,62,74,56,63,2
9048,227599,D. Dianessy,CAM,77,66,54,68,67,55,66,78,76,84,61,62,0
9052,228809,A. Doffo,CAM,71,57,66,67,56,42,66,72,70,61,58,59,0
9054,229477,M. Bähre,CAM,72,60,65,68,59,50,67,74,71,77,62,65,0
9068,239660,L. Angulo,CM,67,62,58,66,58,50,68,69,66,62,62,58,2
9121,236877,Bruno Leite,CM,71,51,62,66,46,42,66,73,70,61,57,59,2
9147,208480,Zhou Dingyang,CM,65,60,60,63,56,64,64,64,65,66,61,59,2
9148,208513,A. Guido,CM,66,61,65,67,58,60,66,65,66,65,64,61,2
9154,211228,M. Palmer,CM,69,60,66,65,59,50,66,69,69,68,62,62,2
9156,211928,D. Gape,CM,67,57,64,65,54,57,65,68,66,76,57,65,2
9163,216485,A. Tshibola,CM,66,56,65,69,55,66,70,66,66,77,53,65,2
9207,183544,G. Burke,CAM,61,67,62,67,64,45,69,63,59,68,63,62,0
9264,235971,Pablo Larrea,CDM,60,58,63,66,61,36,67,64,57,70,61,50,1
9269,244315,B. Boulahroud,CDM,71,58,64,65,58,49,68,72,70,67,56,49,1
9278,199002,M. Amini,CM,63,59,62,68,55,48,67,66,61,79,62,65,2
9290,205491,J. Espericueta,CM,62,63,71,69,54,49,70,65,60,70,64,75,2
9310,214016,H. Mojica,CAM,87,59,66,68,56,42,60,91,83,90,54,64,0
9314,215279,T. Albutat,CDM,65,53,57,60,49,59,59,64,65,64,55,63,1
9335,232162,S. Ugarković,CDM,71,45,58,65,38,59,68,71,71,63,54,60,1
9343,238005,J. Żubrowski,CDM,53,48,62,63,31,47,63,53,53,68,40,61,1
9358,247910,A. Răuță,CDM,58,35,56,51,34,44,58,55,60,55,33,48,1
9371,202459,J. Drost,CAM,71,62,64,67,63,59,65,67,74,72,62,71,0
9412,251233,Rafael Gava,CAM,58,60,64,69,57,39,70,59,57,74,62,64,0
9418,194792,L. Hyam,CM,72,55,63,66,52,60,67,73,71,73,60,65,2
9445,208316,A. Blomqvist,CM,63,65,69,64,62,45,66,64,62,70,65,68,2
9455,213833,R. Gabriel,CDM,41,45,57,60,38,59,65,38,44,47,54,61,1
9468,223085,L. Berry,CM,67,62,64,66,65,64,65,68,67,77,65,64,2
9470,225731,A. Diop,CM,71,61,62,64,56,58,66,70,71,55,59,63,2
9478,232733,A. Fukuta,CM,76,51,62,67,50,49,68,78,75,72,58,55,2
9510,152991,D. Marney,CM,51,62,67,64,59,67,66,52,51,63,59,71,2
9516,163143,A. McCormack,CDM,32,48,62,56,35,61,65,34,30,52,49,70,1
9521,167180,F. Nordkvelle,CM,65,64,64,67,60,61,66,64,66,73,68,69,2
9527,168990,O. Hoban,CDM,41,57,60,58,51,65,60,48,35,60,54,73,1
9532,169571,D. Guthrie,CM,53,62,67,66,56,57,68,54,53,70,59,72,2
9599,184266,K. Bru,CM,70,53,67,69,52,55,70,69,70,78,59,68,2
9622,189464,D. Daube,CM,61,59,67,67,59,48,67,70,54,70,62,65,2
9634,190635,M. N'Diaye,CDM,69,50,60,63,41,66,64,68,69,72,55,66,1
9661,193608,O. Clarke,CM,62,62,61,66,57,56,69,64,60,68,51,59,2
9679,198690,R. Torres,CAM,74,61,63,72,57,52,66,75,74,92,62,62,0
9687,199686,G. Saunders,CDM,55,40,62,60,33,44,65,57,53,66,52,72,1
9699,200983,F. Signorelli,CM,65,53,65,65,45,55,64,65,65,75,63,67,2
9716,203450,J. Washausen,CDM,63,33,55,46,31,63,50,60,65,61,33,55,1
9723,204136,M. de Leeuw,CAM,47,67,59,67,66,83,69,54,41,67,74,66,0
9752,210000,M. Gajos,CDM,74,67,66,68,67,60,68,77,71,71,66,68,1
9756,211044,S. Velev,CDM,70,52,60,68,46,52,64,65,74,70,46,61,1
9764,212047,M. Pintilii,CDM,57,65,63,56,60,67,62,52,61,66,66,65,1
9771,214014,C. Lizarazo,CAM,75,60,65,67,56,48,65,87,65,75,62,63,0
9781,214386,C. Ayala,CDM,54,50,62,66,45,57,70,51,56,67,54,66,1
9794,215390,Danilson da Cruz,CDM,42,55,56,53,49,59,61,41,43,55,43,63,1
9798,215942,M. El Makrini,CDM,46,44,59,63,41,55,63,54,39,64,53,65,1
9802,216351,D. Antolić,CDM,53,64,69,66,59,61,70,55,51,62,66,70,1
9860,234006,Josimar Feijoo,CDM,67,51,53,54,44,55,56,72,62,61,47,55,1
9861,234751,N. Breeveld,CM,67,60,62,67,53,60,67,68,67,72,52,55,2
9866,236168,Raphael Doninho,CAM,71,58,63,68,54,69,64,74,68,80,60,70,0
9869,236503,I. Fülöp,CAM,73,64,61,67,63,51,66,74,72,72,66,58,0
9873,238595,K. Rodrigues Pires,CM,61,58,68,68,61,45,67,63,60,80,54,67,2
9880,241043,G. Freitas,CDM,57,49,60,59,46,74,59,55,58,58,56,58,1
9898,247377,Marcos Antonio,CM,72,51,65,67,54,53,72,73,72,65,71,67,2
9915,240097,F. Downes,CM,68,49,63,66,44,58,68,67,68,67,56,63,2
9917,240661,E. Vignato,CAM,63,57,64,70,57,40,72,68,59,70,52,57,0
9937,242794,I. Louza,CM,67,56,65,67,55,48,68,69,66,61,65,65,2
9953,240611,D. Yearwood,CM,82,54,60,67,48,53,64,83,81,79,57,67,2
9978,242577,R. Faivre,CM,63,53,65,65,49,55,65,64,63,68,52,59,2
9981,245251,Iago Oliveira,CDM,60,34,61,61,28,56,64,61,59,51,49,55,1
10017,235937,A. Picchi,CM,70,53,65,66,45,50,68,69,71,64,52,68,2
10019,237490,P. Sontheimer,CM,68,45,63,68,45,28,68,68,68,83,52,66,2
10033,245459,X. Emmers,CM,65,48,65,66,34,61,69,67,64,52,62,63,2
10066,239945,F. Beltrán,CM,71,55,63,69,51,50,69,69,73,76,53,66,2
10069,241140,Fran Manzanara,CDM,63,50,58,65,49,56,71,62,63,65,47,63,1
10082,244948,C. Benavídez,CDM,62,40,56,57,36,60,63,62,62,51,32,50,1
10087,247793,Seoane,CM,72,53,63,70,52,65,69,73,71,73,62,70,2
10088,247972,D. Olaru,CAM,67,54,61,68,48,36,65,64,69,73,65,61,0
10091,252079,Manu Fuster,CAM,73,47,65,66,45,50,66,76,71,47,59,68,0
10097,223186,J. Thomasen,CM,62,60,62,63,60,48,63,62,62,61,60,60,2
10101,225101,M. Vitale,CM,69,50,68,67,38,58,70,71,68,73,55,60,2
10104,228375,M. Vera,CDM,68,44,60,62,33,56,66,67,69,73,50,48,1
10136,242045,M. Ashimeru,CM,70,51,65,70,55,41,66,71,69,87,60,61,2
10150,252088,Saúl Crespo,CM,68,58,65,64,58,66,65,69,68,66,71,69,2
10167,228833,S. Aloi,CM,78,56,64,68,51,56,66,79,77,74,57,59,2
10181,234991,M. Opondo,CM,74,58,57,67,58,41,67,70,77,77,61,53,2
10186,236427,S. Olsson,CM,61,40,65,68,28,44,74,64,59,60,48,68,2
10219,219449,M. Pepić,CM,68,55,64,70,54,48,67,68,68,80,59,62,2
10227,222405,L. Kinsella,CM,74,53,61,65,49,55,63,73,75,78,57,64,2
10233,224407,M. Cardona,CAM,67,57,65,66,47,36,67,71,63,65,62,66,0
10248,228299,R. Amin,CM,45,51,64,66,41,45,67,50,40,74,45,63,2
10258,235095,E. Serje,CDM,58,47,53,60,43,52,63,65,53,60,64,68,1
10264,237143,H. Suárez,CDM,65,59,60,64,60,41,64,66,65,81,57,56,1
10280,248872,R. Sánchez,CM,67,52,58,65,49,40,66,64,69,74,57,66,2
10291,212736,B. Kwiecień,CDM,64,53,54,55,52,68,58,58,69,61,57,57,1
10294,214658,J. Karlström,CM,64,54,63,62,48,54,63,68,60,63,57,63,2
10301,222387,V. Slivka,CM,52,57,64,68,54,62,72,48,55,68,48,56,2
10327,240341,Lucas Marques,CDM,65,52,58,60,40,58,59,69,61,64,49,53,1
10329,241067,A. Romero,CM,52,45,64,61,39,60,62,53,52,43,53,52,2
10345,252795,Mathiola,CAM,62,54,62,71,53,47,70,64,61,67,57,65,0
10364,212753,S. Mauk,CAM,67,60,62,66,64,55,65,68,67,72,65,64,0
10377,221631,M. Lundemo,CM,59,57,63,63,54,54,65,54,63,63,64,61,2
10396,233160,Jung Won Jin,CM,73,63,64,67,67,45,67,74,73,63,66,52,2
10411,242050,E. Sosa,CAM,69,59,58,69,54,37,65,70,69,77,61,67,0
10422,202693,M. Crooks,CM,66,54,58,64,53,64,66,68,65,71,61,60,2
10431,219492,M. De Iriondo,CDM,72,53,55,61,43,55,60,71,72,71,43,46,1
10433,220670,A. Mastalli,CM,65,50,63,65,46,50,66,65,65,67,59,56,2
10465,250857,D. Hočko,CM,64,49,62,65,43,45,71,62,65,71,51,64,2
10476,206202,O. Norburn,CM,74,61,64,66,58,55,66,72,75,73,60,69,2
10510,224375,B. Vécsei,CM,57,61,66,70,57,46,69,60,55,69,52,68,2
10528,236859,H. Mancilla,CDM,58,34,58,52,29,62,55,61,55,60,33,55,1
10529,237177,F. Flórez,CDM,62,41,56,64,42,44,65,70,56,62,47,62,1
10534,239749,J. Adebanjo,CDM,62,52,56,59,45,61,61,60,64,57,53,55,1
10535,241131,L. Justiniano,CDM,57,36,55,54,31,60,64,57,57,59,38,65,1
10545,200928,O. Banks,CM,54,60,64,60,55,62,64,56,52,58,59,63,2
10547,201901,C. Winchester,CM,72,60,64,67,59,52,66,73,72,78,58,63,2
10548,202444,S. Calvano,CM,66,53,66,64,47,42,70,67,66,58,49,56,2
10632,216359,D. Diring,CM,68,51,64,63,48,53,63,69,68,67,61,56,2
10650,237494,O. Gnjatić,CDM,57,40,55,57,32,58,64,45,66,48,42,60,1
10654,240035,Néstor Albiach,CAM,76,60,59,69,57,54,68,80,73,80,60,68,0
10677,144415,S. Ağçay,CDM,47,63,57,60,62,57,64,43,51,29,48,69,1
10736,177696,E. Brambila,CM,66,63,66,66,63,56,64,69,64,65,66,69,2
10740,178479,A. Paolucci,CM,72,59,66,66,55,57,67,70,73,72,58,65,2
10754,182944,N. Bishop,CM,62,57,58,60,58,62,63,64,60,65,57,71,2
10764,184001,D. Gorter,CM,54,63,66,65,58,47,65,63,47,72,64,70,2
10768,185119,A. Dyer,CM,70,59,60,62,62,58,63,69,71,75,69,61,2
10774,186198,J. Mellis,CM,62,62,66,65,60,51,65,65,60,73,63,69,2
10838,199787,T. Öztürk,CDM,46,43,54,53,32,72,60,53,40,53,44,56,1
10847,202532,M. Doughty,CM,63,60,66,65,59,48,66,62,64,74,54,65,2
10861,205005,L. Droppa,CDM,61,49,60,55,37,44,58,57,64,63,43,59,1
10868,207619,W. Creavalle,CDM,71,49,56,64,56,62,65,74,69,72,54,61,1
10897,212718,D. Powers,CM,57,62,66,65,55,58,69,56,58,59,62,65,2
10906,214177,L. Paz,CDM,65,54,59,60,57,61,65,70,61,67,65,54,1
10911,214489,M. Restrepo,CDM,46,46,62,63,40,49,61,45,46,67,59,61,1
10937,222172,Fan Yunlong,CM,73,51,66,68,54,45,66,71,75,83,63,54,2
10942,223227,K. Vermeulen,CAM,50,63,60,64,59,65,66,47,53,57,67,58,0
10964,230458,Paulito Zanon,CDM,60,49,48,43,43,69,55,63,57,56,32,51,1
10973,233043,A. Hinestroza,CDM,58,33,58,51,26,66,55,56,59,53,43,66,1
10978,234234,G. Kostadinov,CDM,61,40,56,51,36,48,53,57,64,52,34,45,1
11000,244453,K. Jacobs,CM,63,50,65,62,46,49,66,64,62,56,52,69,2
11005,246393,J. Furdal,CM,58,62,68,68,65,43,68,54,62,68,69,75,2
11014,251051,C. Cherchez,CAM,68,66,61,66,67,62,65,68,68,77,67,65,0
11040,240970,M. Payero,CM,60,52,60,66,48,59,69,60,60,60,62,58,2
11043,246190,M. Ignatov,CAM,66,51,64,65,46,49,69,64,68,45,47,62,0
11056,247394,D. Kulusevski,CM,59,51,61,65,45,54,65,51,65,51,65,46,2
11061,252463,M. Taabouni,CAM,77,55,59,70,54,43,68,79,75,80,56,65,0
11066,237382,F. Melegoni,CM,56,55,66,64,53,49,66,61,52,66,55,59,2
11102,244829,M. Collao,CAM,66,58,65,63,58,37,63,62,70,77,63,67,0
11107,248854,B. Özdemir,CM,71,48,63,63,43,58,63,72,70,67,67,63,2
11108,251071,R. Ion,CAM,63,62,60,65,66,31,63,61,64,73,63,56,0
11172,251990,Luquinha,CAM,75,54,61,71,51,30,67,79,71,91,57,58,0
11177,224665,K. Wojtkowski,CAM,79,57,62,69,57,42,68,84,75,79,47,60,0
11196,240227,Y. Bourhane,CDM,58,39,59,60,34,61,65,54,61,41,42,59,1
11197,240398,R. Lucena,CM,68,56,61,65,60,37,64,67,69,70,63,60,2
11204,243256,O. Pikhalyonok,CM,66,52,61,62,54,49,61,69,64,59,49,66,2
11211,245631,Perera,CDM,62,33,60,54,27,60,60,62,62,56,30,52,1
11213,246918,Jaume,CM,62,47,61,64,39,58,69,58,65,57,53,63,2
11214,247091,A. Colorado,CDM,72,41,54,63,35,50,65,72,72,67,44,52,1
11217,251669,Rui Pires,CDM,67,46,59,64,34,56,61,66,67,71,41,53,1
11231,229379,L. de la Torre,CAM,66,49,61,68,45,38,66,72,61,73,63,60,0
11240,238973,A. Laukart,CAM,73,59,60,65,55,47,66,75,71,70,54,56,0
11247,242319,E. Zehir,CDM,66,38,55,59,30,49,64,66,66,62,50,46,1
11254,244669,M. Hjulmand,CM,61,49,60,62,45,53,64,63,60,68,53,49,2
11265,211536,M. O'Hara,CM,71,53,61,64,58,63,65,70,72,66,55,68,2
11269,221705,K. Dempsey,CM,71,57,65,66,58,51,67,73,70,69,63,67,2
11272,224252,P. Pflücke,CAM,78,58,59,71,57,31,67,81,76,85,53,48,0
11297,237079,P. Staikos,CDM,67,43,57,62,32,48,64,65,68,62,48,63,1
11302,239038,R. Basque,CDM,71,55,63,65,51,60,67,70,71,63,59,64,1
11323,244836,J. Segre,CM,60,60,60,63,58,57,66,59,60,55,68,50,2
11331,252287,Jorge Vilela,CM,65,55,63,65,54,44,65,64,66,65,55,64,2
11333,210437,A. Belmonte,CM,56,43,65,69,33,46,72,45,65,61,51,60,2
11343,228592,A. Confais,CDM,58,55,62,64,58,48,69,64,53,66,52,61,1
11365,241146,F. García,CDM,57,49,60,58,49,54,62,58,57,54,50,47,1
11368,242408,Bikoro,CDM,61,34,59,53,32,50,62,70,53,56,45,54,1
11374,245719,A. Groiß,CDM,60,44,51,52,29,52,54,58,61,54,43,45,1
11379,250893,L. Duarte,CM,68,54,62,66,51,59,64,67,68,74,59,59,2
11394,220964,M. Konradsen,CM,70,59,62,68,58,56,66,75,66,83,58,58,2
11411,229743,A. Deiola,CM,64,63,60,60,58,52,66,64,64,52,66,56,2
11414,233123,A. Soumaoro,CDM,71,41,57,59,32,58,64,67,75,73,46,55,1
11459,223680,M. Schuster,CDM,63,47,57,62,42,53,64,64,63,74,46,62,1
11486,242686,M. Breij,CAM,67,61,61,65,59,52,65,69,66,70,61,62,0
11500,252028,Fabiano Alves,CDM,65,46,55,51,40,59,53,68,63,47,43,57,1
11509,209962,T. Hölscher,CAM,72,60,62,64,59,48,64,75,69,74,60,52,0
11524,222227,P. Berg,CM,76,57,61,64,55,41,64,74,77,71,59,60,2
11552,250731,A. Isaiah,CM,67,52,56,67,46,46,68,68,67,70,59,61,2
11570,212624,D. Bohl,CDM,64,51,57,62,45,50,58,66,63,79,49,67,1
11578,219392,A. Rufer,CM,69,56,62,66,53,52,66,68,69,72,62,65,2
11605,240335,B. Jacobsen,CM,60,55,59,63,55,65,66,58,62,56,56,62,2
11611,246817,J. Méndez,CDM,61,41,57,58,35,55,59,54,66,63,30,68,1
11618,198811,F. Jensen,CM,55,52,61,60,48,60,64,59,52,63,57,66,2
11635,207639,C. Reilly,CM,63,59,62,62,55,55,60,65,61,64,59,58,2
11644,211273,C. Álvarez,CAM,71,54,64,66,52,50,66,68,74,74,56,56,0
11659,222351,Luo Jing,CM,66,59,64,65,55,71,62,65,66,51,57,60,2
11701,221001,U. Saltnes,CM,68,61,63,62,59,60,64,69,68,65,59,58,2
11704,224323,B. Touré,CM,67,54,59,67,53,36,64,68,66,75,58,56,2
11717,238801,J. Dem,CDM,74,43,51,55,42,66,54,75,74,75,40,57,1
11765,222697,Han Seok Jong,CM,48,46,62,58,38,59,61,49,48,63,47,49,2
11775,229488,F. Madrigal,CM,69,56,63,63,54,53,64,68,70,65,60,56,2
11789,233399,R. Babenko,CM,66,59,62,62,60,39,62,68,65,69,49,63,2
11795,239170,V. Hammershøj-Mistrati,CM,55,51,63,64,45,58,67,59,52,71,58,60,2
11818,11811,P. Green,CM,55,56,62,61,52,56,62,55,55,71,54,62,2
11850,163445,L. Frecklington,CM,57,62,64,62,59,59,65,59,55,72,63,64,2
11871,171620,A. Wordsworth,CM,59,64,65,62,62,63,65,52,64,58,64,68,2
11875,172568,M. Nielsen,CM,59,61,62,60,58,57,64,58,59,71,58,64,2
11892,179537,H. Singh,CM,52,61,65,64,53,58,64,55,50,68,58,65,2
11894,179871,M. Viniegra,CM,59,55,63,62,51,64,65,58,60,65,60,67,2
11905,183885,K. Walker,CM,55,59,63,63,56,47,62,55,55,68,62,64,2
11937,188970,J. Mårtensson,CM,67,48,61,61,47,52,62,68,66,69,55,66,2
11959,192231,J. Edwards,CM,74,58,60,66,58,60,63,75,74,77,60,65,2
12069,222574,T. Nishi,CM,60,55,63,66,55,45,66,52,67,75,56,66,2
12097,232343,J. Galeano,CM,56,50,61,60,52,56,66,58,54,54,63,62,2
12107,234007,Claudio Mouria,CAM,64,68,61,66,66,59,71,58,68,71,70,56,0
12108,234021,Joaninho Chagas,CAM,65,52,64,61,49,60,66,69,61,63,53,54,0
12109,234024,Mairdel Sampaio,CAM,74,55,57,68,55,47,63,75,73,72,56,54,0
12114,236143,Adrián Rocheira,CDM,56,31,53,40,23,47,58,52,59,50,43,56,1
12127,239263,Lucas Sotero,CAM,69,52,65,65,48,36,64,67,71,67,58,62,0
12152,251047,L. Mihai,CAM,60,64,59,66,65,46,63,56,64,71,64,62,0
12154,251650,P. Cortizo,CM,63,46,63,59,42,59,65,61,65,51,58,65,2
12157,252848,M. Đurić,CM,73,62,61,64,62,66,65,72,74,71,66,68,2
12158,252259,E. Millot,CM,73,55,63,70,55,44,69,75,72,77,59,65,2
12159,246683,L. Agoume,CM,65,54,59,64,51,55,66,68,62,67,66,67,2
12169,246169,Roberto López,CAM,54,51,65,67,59,21,68,53,55,61,63,60,0
12170,246594,H. Massengo,CDM,69,47,59,62,39,60,64,68,69,59,57,60,1
12180,246099,K. Goudmijn,CAM,75,50,62,66,50,45,65,74,76,83,52,58,0
12184,247328,Unai Vencedor,CM,66,56,64,65,52,52,65,69,63,72,45,69,2
12185,247870,N. Umyarov,CM,64,45,61,61,39,57,66,63,64,56,44,65,2
12192,240550,O. Güçtekin,CDM,58,45,64,66,37,48,66,58,58,72,51,70,1
12204,240583,C. Lakin,CM,72,57,63,67,53,44,68,72,72,68,53,66,2
12206,242187,C. Baumgartner,CAM,62,44,64,68,40,49,69,65,60,70,45,66,0
12211,243519,V. Burgoa,CM,68,56,57,68,48,54,69,71,65,68,62,60,2
12216,252216,E. Seçgin,CM,67,54,59,64,50,56,65,68,67,69,59,62,2
12220,234087,C. Styles,CM,67,57,60,67,58,41,64,67,67,85,59,65,2
12222,238379,N. Nartey,CM,66,45,60,69,49,37,69,66,66,73,49,59,2
12224,241707,P. Gueye,CDM,64,42,56,58,36,52,63,63,64,41,42,58,1
12231,246127,P. Will,CDM,60,49,59,59,41,66,61,58,62,65,43,52,1
12233,246350,E. Le Fée,CM,64,50,64,68,48,44,69,63,64,67,58,65,2
12253,243023,V. Screciu,CDM,64,34,57,56,32,58,61,65,63,67,43,62,1
12260,246764,M. Camara,CM,68,50,59,65,49,50,65,67,69,71,52,62,2
12262,250723,K. Koné,CM,72,44,58,69,38,54,70,76,69,59,63,53,2
12265,251988,A. Colpani,CM,68,54,63,67,50,57,68,70,66,65,53,63,2
12267,252598,Sergio Lozano,CM,64,48,62,68,46,43,69,65,64,70,43,60,2
12275,236906,C. Villanueva,CAM,69,62,59,65,63,53,64,68,70,73,58,58,0
12289,244529,A. Zekaj,CDM,61,45,58,58,43,58,60,60,62,56,44,55,1
12297,252749,P. Akono,CDM,69,48,56,63,30,70,64,64,73,56,40,64,1
12298,224374,M. Medina,CDM,68,60,59,63,60,42,63,61,73,74,43,64,1
12301,227995,L. Walsh,CM,67,60,62,64,60,55,64,69,66,72,58,56,2
12317,241237,F. Kanoute,CM,62,53,60,64,40,65,64,57,66,61,39,66,2
12330,252554,D. Meliopoulos,CDM,58,53,52,55,44,62,57,61,55,50,53,51,1
12354,242393,B. Hussein,CM,63,48,63,67,48,45,69,67,59,70,56,62,2
12370,252261,H. Akujobi,CDM,63,43,56,61,37,57,63,67,60,65,42,54,1
12376,225808,H. Hallberg,CM,68,55,60,64,49,39,63,71,65,72,62,59,2
12381,231434,L. Checchin,CM,66,52,65,61,45,53,66,68,65,54,50,61,2
12383,234297,S. Dahlström,CM,66,51,62,60,45,44,60,65,66,65,50,61,2
12394,239706,D. Erdoğan,CM,61,50,58,60,40,58,64,63,59,60,59,58,2
12419,220677,J. Morrell,CM,69,53,61,66,48,36,64,71,67,77,55,59,2
12434,235872,Vitó,CM,63,51,57,65,45,51,66,64,62,71,56,63,2
12458,245754,D. Denić,CM,68,54,61,60,54,48,64,67,69,58,53,60,2
12469,219627,J. Verdugo,CAM,83,55,59,63,55,33,62,83,83,72,60,56,0
12474,221766,Y. Pambou,CM,65,48,61,61,43,52,63,67,63,61,57,55,2
12487,230961,D. Cuadros,CAM,72,47,67,62,39,45,59,71,73,70,57,55,0
12509,247450,A. Palavecino,CAM,69,57,63,62,50,35,62,69,69,75,54,58,0
12512,250730,J. Ruiz,CM,67,52,57,67,42,47,67,69,66,80,63,63,2
12528,221339,M. Rocca,CM,67,53,63,65,48,47,67,71,63,72,65,58,2
12529,221394,R. Al Mousa,CDM,62,44,58,60,43,41,61,63,61,72,52,64,1
12550,240026,A. Fontana,CAM,71,57,59,64,55,55,64,71,71,70,59,64,0
12560,245017,G. Ondoua,CDM,62,46,58,56,38,51,59,62,62,54,60,44,1
12563,251281,S. Köhler,CDM,68,41,59,60,35,49,64,69,67,65,54,55,1
12567,252171,M. Helal,CM,67,54,62,66,55,52,63,66,67,72,59,63,2
12594,233083,H. Demir,CM,63,52,62,63,42,41,63,65,62,66,52,48,2
12595,233272,I. Sapała,CDM,61,37,56,58,31,48,64,58,63,64,39,59,1
12601,239930,D. Rasak,CDM,66,45,56,61,41,57,63,65,66,74,52,55,1
12614,250919,N. Baggerman,CDM,65,52,56,60,51,57,62,66,64,67,37,53,1
12631,212782,H. Boateng,CM,69,50,60,65,46,58,64,70,68,68,55,61,2
12632,213124,T. Gomelt,CM,69,63,63,67,65,60,72,74,64,69,70,53,2
12651,225146,S. D'Almeida,CM,77,53,56,64,52,58,63,78,76,75,53,61,2
12655,226550,C. Zock,CDM,70,58,62,60,61,56,60,71,70,69,38,57,1
12708,216111,D. Whitehead,CM,72,58,60,64,55,48,62,71,72,75,58,63,2
12715,225757,M. Burgess,CAM,78,56,57,64,57,45,62,78,78,68,59,64,0
12722,233772,Lee Dong Su,CM,57,45,56,61,32,52,64,60,55,58,55,60,2
12775,238563,D. Wiebe,CDM,55,41,51,58,30,61,62,52,57,65,36,60,1
12777,239852,D. Barreto,CAM,71,57,63,63,60,38,63,72,71,68,45,55,0
12867,242129,R. Lemus,CM,68,51,62,66,47,35,68,69,68,72,51,58,2
12876,53818,M. Bloomfield,CM,66,50,59,61,48,56,61,67,66,70,55,60,2
12909,172680,S. Sinclair,CM,73,54,59,62,52,55,62,72,73,74,57,63,2
12949,189010,S. Matuszek,CDM,34,44,49,53,32,61,54,35,34,46,50,60,1
13008,209772,Didac,CM,70,57,62,69,57,39,67,71,70,73,58,44,2
13050,230270,Fabiem Jardim,CAM,67,63,57,64,57,58,61,64,69,63,61,55,0
13051,230438,Josi Mouraldo,CAM,60,56,62,62,56,45,61,58,62,64,63,60,0
13113,246645,A. Lottin,CM,70,46,59,62,43,59,64,71,69,61,57,52,2
13114,246809,Marc Aguado,CM,66,51,63,63,49,50,65,68,65,66,51,69,2
13128,242249,F. Vera,CM,64,54,62,65,52,51,66,69,59,68,56,65,2
13148,244477,A. Adouyev,CAM,74,54,59,71,57,44,69,75,73,78,40,60,0
13151,252541,J. Chotard,CM,68,45,62,66,37,56,65,69,67,74,55,47,2
13158,241164,J. Kübler,CM,59,47,62,63,42,66,64,63,55,71,39,46,2
13163,245097,F. Becker,CM,72,46,62,71,45,44,68,73,72,76,46,61,2
13165,246402,M. Bidstrup,CM,59,50,62,66,48,58,66,65,54,69,48,60,2
13186,244407,Pol Lozano,CM,60,45,61,64,37,41,66,61,60,63,57,64,2
13194,251072,O. Horșia,CAM,67,56,57,64,58,36,64,64,69,80,59,52,0
13196,251974,H. Mbock,CM,65,58,61,66,51,54,68,66,64,58,56,43,2
13216,246297,H. Abdelli,CAM,65,53,57,64,51,59,61,66,64,56,54,52,0
13218,247245,T. Ostrak,CAM,64,56,62,63,55,54,62,65,63,72,48,53,0
13224,252186,M. Sitti,CDM,63,47,60,65,43,54,67,65,61,60,39,45,1
13226,232446,K. Kairinen,CM,66,51,61,62,42,44,63,67,65,66,51,61,2
13233,239995,P. López,CM,71,51,62,65,49,46,62,69,72,69,50,61,2
13237,242725,K. Thorstvedt,CM,45,64,59,64,63,55,65,48,43,64,65,59,2
13239,245648,Y. Tolosa,CAM,71,47,60,66,47,30,65,73,69,73,57,52,0
13240,246229,M. Boudjemaa,CDM,67,40,55,55,34,61,56,65,69,61,38,58,1
13245,251377,R. Zalazar,CM,77,49,60,65,45,56,65,76,77,73,54,48,2
13249,228771,J. Mosquera,CDM,65,37,51,54,30,56,52,66,65,63,52,51,1
13260,240978,D. Mandroiu,CAM,65,59,61,62,57,52,59,68,62,68,58,60,0
13263,241587,S. Farhan,CDM,65,42,43,50,38,46,56,63,66,55,46,49,1
13267,243684,W. Alarcón,CM,64,56,60,65,55,52,65,63,64,66,56,61,2
13274,247140,J. Benson,CM,68,54,61,63,51,46,60,70,67,74,52,59,2
13277,251952,M. Toscano,CDM,66,38,54,60,33,49,60,68,64,74,42,55,1
13299,238038,J. Wehrmann,CM,67,51,58,61,45,50,62,70,65,67,46,54,2
13305,240000,E. Abouchabaka,CAM,63,60,59,64,63,50,64,65,62,74,52,56,0
13307,240385,N. Zanellato,CM,60,47,63,68,32,60,69,65,56,69,52,55,2
13330,224225,A. Phillips,CM,64,55,61,65,54,49,66,64,64,68,58,60,2
13346,235787,André Teles,CDM,67,45,57,61,42,57,63,68,67,63,40,46,1
13349,236764,A. Tanaka,CDM,71,47,61,65,43,47,64,73,69,77,58,58,1
13352,237506,C. Owens,CM,64,52,61,63,48,55,64,65,63,65,53,60,2
13357,239558,G. Roemeratoe,CDM,71,44,59,62,39,53,60,68,73,70,50,58,1
13358,239597,D. Jubitana,CAM,66,59,59,65,55,39,64,67,65,69,57,59,0
13361,240252,V. Méndez,CDM,47,46,58,53,39,52,59,66,31,57,37,56,1
13372,243631,M. Camara,CM,64,53,63,66,53,54,70,66,62,56,53,65,2
13379,247682,J. Mancilla,CDM,64,37,50,59,27,45,63,58,68,69,38,46,1
13384,252060,T. Pobega,CM,67,53,57,61,49,60,64,69,66,61,55,55,2
13388,211607,F. Loshaj,CM,60,47,59,67,49,53,65,64,56,71,61,38,2
13390,221398,J. Araya,CM,66,48,58,64,35,57,65,68,65,66,57,55,2
13392,223810,G. Maris,CM,67,56,58,62,57,55,61,66,67,64,57,53,2
13407,233546,Y. Karabelyov,CM,61,51,60,60,49,51,65,57,64,55,69,51,2
13417,242256,E. Calvillo,CM,63,56,60,63,49,49,65,62,64,64,49,61,2
13425,246847,M. Sykes,CM,66,53,59,64,58,59,64,65,66,65,58,59,2
13429,247840,C. Halper,CAM,68,56,55,65,59,45,63,71,65,72,60,54,0
13437,252313,M. Marin,CM,70,53,62,64,49,57,64,70,70,65,47,60,2
13438,252410,F. Maistro,CM,65,49,62,61,43,58,61,61,69,50,54,50,2
13442,211610,J. Anderson,CM,72,53,58,64,53,31,63,74,71,87,56,55,2
13458,238792,L. Jensen,CAM,71,59,58,64,59,40,63,68,73,73,58,56,0
13459,239623,R. Torres,CM,63,43,58,63,35,54,65,64,62,63,55,60,2
13460,239731,M. Ambrosiewicz,CM,58,48,58,63,39,46,62,54,61,75,53,57,2
13476,252077,B. Alceus,CDM,58,44,57,61,39,48,63,62,55,64,42,59,1
13477,252116,Andrés García,CM,65,52,64,66,50,50,69,67,64,63,57,60,2
13506,237771,Lee Sang Min,CDM,66,37,56,54,22,49,56,65,66,57,54,60,1
13508,237867,D. Cancola,CDM,50,35,55,57,31,53,60,54,47,57,48,47,1
13523,246189,C. Arano,CM,64,46,56,61,48,55,65,63,65,61,50,58,2
13526,247639,E. Cuello,CAM,64,53,58,63,51,44,62,65,64,69,60,59,0
13527,248812,Y. Ackah,CM,69,46,56,65,39,51,67,71,68,61,56,56,2
13600,212693,T. Söderström,CM,86,57,59,63,55,50,61,89,83,64,61,64,2
13605,223001,K. Aktaş,CDM,67,44,58,59,37,53,64,70,65,64,48,50,1
13613,231954,Xu Xin,CDM,66,48,53,56,44,65,55,62,69,66,50,45,1
13629,246790,A. Bamba,CAM,62,57,66,63,56,52,65,63,62,59,51,64,0
13634,251997,Bruno Xavier,CAM,64,54,64,67,52,38,67,66,63,58,44,62,0
13646,232210,K. Drzazga,CAM,77,59,51,60,64,47,62,78,76,59,59,47,0
13655,251507,Y. Carabali,CDM,67,44,51,56,45,51,58,66,68,53,46,45,1
13665,203415,J. Reeves,CM,74,52,61,67,48,47,66,75,73,80,44,62,2
13667,204685,B. Ntambwe,CM,76,48,56,61,37,66,62,72,79,63,46,50,2
13668,208543,C. Howieson,CM,70,57,61,62,58,56,61,71,70,68,60,66,2
13671,209501,Rafinha,CM,60,56,59,64,53,50,64,61,60,64,60,52,2
13692,237428,S. Nakahara,CM,71,52,61,63,53,45,61,67,75,55,61,51,2
13702,251213,C. Vega,CM,62,53,62,60,52,52,62,64,61,56,53,65,2
13709,204396,H. Bos,CAM,70,56,57,65,55,49,63,76,65,78,55,58,0
13714,214634,J. Hessenthaler,CM,72,51,62,61,41,50,62,72,72,74,55,60,2
13743,205053,R. McCabe,CM,73,56,62,61,51,45,60,72,74,78,55,68,2
13762,242883,Lee Min Soo,CM,64,49,59,61,40,43,62,61,67,61,49,60,2
13769,247149,J. Guevara,CDM,65,50,55,61,49,67,65,64,66,58,59,58,1
13773,251082,B. Barbu,CAM,66,61,59,58,65,37,60,63,68,58,61,56,0
13775,251215,F. Toplitsch,CAM,67,50,57,65,50,45,63,68,66,74,57,59,0
13776,251246,E. Romero,CM,67,52,62,61,52,55,65,64,69,63,60,61,2
13806,169489,J. Byrom,CM,37,57,65,58,52,49,61,39,35,66,59,59,2
13828,184013,M. Bartley,CM,56,46,57,61,45,55,61,52,59,76,54,59,2
13834,186230,Feng Zhuoyi,CM,63,47,57,63,48,54,62,58,67,66,61,61,2
13879,208474,I. Filip,CDM,50,37,53,52,33,56,54,41,57,55,38,44,1
13893,214246,J. Gutiérrez,CM,70,43,58,67,31,22,66,70,70,83,62,43,2
13894,214297,M. Sandoval,CM,73,46,62,64,39,42,70,74,72,70,54,49,2
13937,235457,V. Leikvoll Moberg,CM,62,54,56,57,48,65,56,61,63,54,54,59,2
13996,251524,A. Konaté,CAM,75,54,54,68,53,45,64,74,75,84,59,51,0
13999,235288,S. Schreck,CAM,67,43,59,67,42,46,64,69,66,78,49,55,0
14000,240428,B. Figueroa,CAM,70,48,59,61,44,39,59,71,69,72,62,49,0
14007,252599,S. Sanna,CM,64,52,61,64,49,53,64,65,64,61,56,64,2
14026,252290,S. Esposito,CM,61,52,63,64,47,51,66,60,62,69,52,51,2
14049,250997,José Gragera,CM,62,44,59,63,40,55,65,63,61,63,43,47,2
14051,252903,S. Appelkamp,CAM,66,45,60,68,49,31,66,69,64,77,54,57,0
14058,236344,J. Molumby,CM,52,50,57,61,48,48,63,54,51,62,53,64,2
14073,248588,C. Itu,CM,66,46,54,60,42,45,64,65,66,67,42,52,2
14080,252057,L. Gavioli,CM,66,48,60,58,43,56,60,69,63,57,62,50,2
14137,247546,Dani García,CM,62,55,63,65,53,38,67,64,60,65,55,49,2
14153,230890,B. Wilson,CM,72,50,60,65,45,47,66,73,72,62,56,64,2
14156,233245,S. McLoughlin,CAM,65,56,58,63,62,41,62,65,65,72,50,58,0
14165,236471,M. Kaasa,CM,69,46,58,68,45,49,64,70,68,81,59,60,2
14169,239390,D. Urzúa,CAM,64,47,60,65,49,37,56,61,66,67,61,51,0
14173,242748,A. Herzog,CDM,67,43,56,61,37,50,57,69,66,76,42,50,1
14179,251632,N. Tarnat,CDM,64,57,58,60,53,53,63,64,64,66,53,52,1
14180,252593,P. Vroegh,CM,64,45,62,60,39,46,65,66,63,62,49,52,2
14193,234982,M. Christensen,CM,64,46,60,58,44,60,60,63,65,64,48,60,2
14202,241833,K. Gutiérrez,CM,74,49,60,63,43,47,59,73,74,79,50,54,2
14205,244480,H. Magnetti,CM,58,46,59,65,38,50,65,54,62,60,50,56,2
14212,248129,D. González,CM,62,54,58,64,51,43,63,63,61,60,53,52,2
14213,248547,A. Uribe,CAM,63,55,61,61,55,43,62,62,64,60,57,62,0
14219,252436,J. Ipalibo,CDM,59,45,58,60,39,54,65,60,59,63,51,65,1
14222,213696,M. Willock,CM,70,55,57,66,54,45,64,69,71,73,56,68,2
14232,228292,C. Harkin,CM,68,57,62,58,60,51,55,59,75,60,60,68,2
14234,230812,A. Pattison,CM,71,49,57,64,45,51,63,72,70,73,53,55,2
14247,237132,G. Weissbeck,CAM,62,49,62,62,50,44,66,59,64,64,48,61,0
14255,244167,S. Milewski,CDM,56,39,54,56,30,50,57,57,56,64,50,57,1
14287,231572,E. Montaño,CDM,61,44,54,62,44,49,63,62,61,65,45,59,1
14304,251501,H. Saghiri,CDM,63,52,55,61,50,48,63,65,62,70,48,43,1
14306,252291,Pedro Augusto,CDM,60,41,57,59,35,56,60,56,63,58,42,42,1
14311,221528,N. Konstandopoulos,CM,70,46,58,63,43,51,63,71,70,72,57,58,2
14312,221928,M. Castroman,CAM,66,53,62,63,55,41,62,63,68,82,55,60,0
14314,223599,C. Cooke,CM,57,51,58,63,50,59,64,56,57,63,58,54,2
14319,227146,D. Contreras,CDM,72,41,55,60,41,46,64,71,72,72,56,54,1
14353,252484,R. Deaconu,CAM,66,50,60,63,46,28,61,65,67,71,54,54,0
14385,251441,Y. Ben Balla,CDM,66,52,51,61,49,48,59,67,66,69,50,42,1
14424,209368,J. Powell,CM,62,49,62,62,55,36,62,59,65,73,52,61,2
14454,203417,E. Oyeleke,CM,77,51,57,64,49,54,64,79,76,80,48,62,2
14463,220618,L. Pierce,CM,62,52,59,58,56,56,59,63,61,63,52,48,2
14482,247188,Víctor Ruiz,CAM,77,51,56,65,50,38,62,73,80,83,53,57,0
14500,243999,N. Mohammad,CDM,71,34,49,57,31,43,58,73,70,78,37,56,1
14503,251045,V. Rață,CDM,54,54,53,51,52,41,51,52,56,59,44,48,1
14507,198252,C. Clay,CM,64,52,57,60,50,54,62,65,64,60,58,51,2
14524,246985,N. Albadawi,CAM,63,52,59,66,50,38,66,60,66,62,55,58,0
14525,247638,J. Portillo,CM,62,51,60,63,47,44,60,66,59,70,53,60,2
14539,172944,G. Coke,CM,66,58,59,58,51,54,60,64,67,68,58,64,2
14544,178008,J. Harris,CM,61,56,59,61,54,46,60,63,59,73,54,59,2
14561,204222,M. Dolan,CM,66,57,63,64,54,46,63,65,66,75,55,68,2
14564,207544,Park Sun Yong,CM,63,33,61,60,30,63,60,65,62,67,57,61,2
14566,208953,M. Al Qarni,CDM,61,50,53,56,47,49,60,64,59,71,46,63,1
14576,212800,Jwa Joon Hyeop,CM,54,47,60,60,36,67,59,64,45,76,22,63,2
14617,247991,R. Dâlbea,CM,33,52,56,53,44,36,60,34,33,33,47,56,2
14632,243468,A. Balanta,CDM,65,42,52,54,38,54,57,67,63,59,38,53,1
14635,244634,S. Sohm,CDM,72,42,55,60,35,56,59,71,73,67,40,62,1
14646,245341,C. Bassett,CM,61,51,60,61,50,47,59,62,60,70,51,48,2
14647,246112,N. Djouahra,CAM,62,53,59,61,53,38,59,63,62,67,50,58,0
14651,233745,P. Bargiel,CAM,79,53,55,65,54,41,62,72,84,71,49,62,0
14666,247721,T. Raschl,CDM,64,44,59,61,42,43,61,66,62,69,44,61,1
14667,248487,Lee Soo Bin,CM,57,45,55,65,47,48,67,62,53,56,55,43,2
14676,235960,G. Güney,CDM,57,48,56,59,36,56,59,65,50,61,59,49,1
14689,246592,Algobia,CM,45,52,58,61,49,56,63,47,43,52,60,60,2
14692,247499,A. Ayala,CDM,65,41,55,60,35,60,58,70,61,73,39,58,1
14706,237937,F. Myhre,CDM,58,46,56,63,50,49,65,56,60,65,49,61,1
14719,245769,E. Majetschak,CM,56,57,62,59,56,47,61,61,52,64,55,64,2
14721,247369,T. Ducrocq,CM,69,45,59,61,45,47,61,67,71,72,59,62,2
14727,251845,A. Francis,CM,75,48,57,65,46,51,68,76,74,69,60,53,2
14733,237613,M. Pompetti,CM,55,37,62,60,33,32,65,58,53,55,52,60,2
14747,245780,F. Schwarzholz,CDM,59,38,55,56,30,52,58,64,54,67,40,44,1
14761,252325,Ismael,CM,66,54,58,62,57,48,59,64,67,67,55,57,2
14772,237536,M. İnan,CM,63,47,56,61,39,52,62,67,59,61,49,58,2
14776,238177,A. Hartigan,CM,66,53,59,60,54,45,59,65,66,72,52,60,2
14779,240429,R. Souici,CM,64,48,58,61,40,59,62,64,64,56,58,51,2
14789,245338,T. van den Belt,CM,60,44,60,60,39,52,63,56,63,54,56,52,2
14792,246885,N. Capaldo,CM,66,54,62,61,51,52,60,67,65,63,58,63,2
14797,252175,A. Maiz,CM,68,48,60,63,44,59,61,75,62,71,37,53,2
14799,227682,G. Lapslie,CM,65,43,55,62,48,45,64,67,64,63,46,45,2
14804,233734,M. Di Paola,CM,60,47,56,59,42,51,60,56,63,58,59,61,2
14810,239226,J. Torres,CDM,62,38,57,59,38,47,59,71,55,71,29,59,1
14820,245742,M. Rieder,CM,67,52,57,63,51,47,59,68,66,74,59,51,2
14837,240076,S. Spahiu,CAM,66,44,57,62,41,60,62,69,64,69,61,62,0
14851,246278,Manu Navarro,CM,54,49,56,54,51,46,56,54,54,53,54,42,2
14852,246353,R. Musaba,CAM,71,56,52,63,57,40,61,68,74,82,59,58,0
14853,247637,P. Vassell,CM,68,48,57,61,48,48,59,70,66,62,54,59,2
14854,248476,J. García,CDM,56,47,58,57,43,48,60,56,56,55,54,55,1
14858,252781,A. Tribuzzi,CAM,70,51,56,63,40,37,65,70,70,60,52,61,0
14863,228744,J. Valencia,CDM,61,45,56,63,43,35,64,58,64,69,46,50,1
14866,233404,I. Rojas,CDM,60,38,53,53,34,64,55,61,60,63,56,54,1
14868,235647,H. Sarpei,CDM,60,36,52,60,32,51,61,66,55,67,35,48,1
14881,243665,C. Tiéhi,CDM,66,38,54,58,33,53,61,68,64,73,33,55,1
14887,247310,R. Mudražija,CM,65,54,60,64,45,53,65,65,65,63,54,49,2
14898,228919,S. Karakoç,CAM,65,45,57,65,44,61,65,62,67,59,55,44,0
14904,234107,E. Ojeda,CM,64,52,59,59,49,55,61,60,67,66,45,51,2
14908,236901,A. Tîrcoveanu,CM,71,48,53,62,44,42,62,75,68,80,54,39,2
14911,239947,R. Meraz,CM,59,46,56,57,40,55,61,49,67,31,58,51,2
14913,240175,Bruno Jordão,CM,55,50,58,67,52,57,67,56,54,66,32,62,2
14916,240768,H. Gilmour,CM,72,53,58,62,52,49,60,72,72,70,53,54,2
14933,246821,K. Hernández,CAM,65,40,56,69,32,54,67,65,65,78,58,48,0
14959,240140,M. Prezioso,CM,62,47,59,60,38,55,55,59,64,59,61,58,2
14963,240534,M. Fallatah,CM,58,45,57,58,30,57,60,65,52,55,56,59,2
14983,251309,B. Soumaré,CM,68,48,58,62,36,53,60,66,69,60,52,49,2
14992,252875,Filipe Ferreira,CM,54,44,59,58,37,55,62,58,50,45,45,50,2
14997,220565,A. Romano,CM,50,55,55,57,59,54,57,52,49,59,57,59,2
14999,221874,E. Besea,CM,67,47,55,64,43,39,64,64,69,73,58,57,2
15001,223305,P. Mystkowski,CAM,71,56,52,63,58,51,61,72,70,80,58,55,0
15023,242507,N. Al Omran,CAM,67,49,59,59,47,42,57,67,67,84,62,60,0
15029,244970,Y. Magnin,CDM,71,47,56,61,46,54,61,72,71,70,51,59,1
15035,250876,F. Egerer,CDM,56,38,56,47,32,46,42,55,56,69,37,52,1
15036,251242,M. Barraza,CM,63,46,58,58,36,53,56,60,66,50,52,59,2
15037,251625,U. Eneme-Ella,CAM,67,50,56,64,47,39,64,67,67,65,54,58,0
15039,251800,U. Akyol,CDM,61,42,57,55,40,57,53,60,62,51,40,44,1
15048,220652,J. Hardy,CAM,75,54,56,63,54,32,59,76,75,81,56,61,0
15053,225674,D. Fernández,CM,65,48,55,61,42,60,61,67,64,73,50,48,2
15074,244170,D. Vokić,CDM,60,45,59,60,43,45,61,59,61,63,61,59,1
15082,250908,B. dos Santos,CDM,65,32,49,55,28,43,56,67,64,77,28,50,1
15083,250952,K. Muhar,CDM,65,40,51,54,27,52,51,62,68,55,54,42,1
15095,225133,M. Maigaard,CAM,70,52,56,60,52,51,63,68,71,60,55,54,0
15111,248339,A. Al Shahrani,CAM,69,51,57,62,57,39,62,69,69,58,54,52,0
15140,243992,T. Corbaz,CM,70,51,60,59,55,52,59,74,67,62,52,46,2
15146,251078,P. Pațurcă,CDM,49,33,47,46,28,40,49,44,53,52,34,39,1
15156,224693,Ye Chongqiu,CDM,66,54,57,47,47,47,43,69,64,54,45,55,1
15176,215862,R. Castro,CAM,80,49,53,68,47,47,61,80,80,80,54,47,0
15187,248336,C. Gaínza,CAM,69,47,58,61,45,62,65,67,70,78,55,60,0
15224,226195,Wang Weicheng,CAM,64,53,53,59,53,52,58,47,77,59,63,55,0
15236,247573,A. Melksham,CDM,50,48,55,52,37,54,56,48,51,53,42,60,1
15237,247985,L. Dumitriu,CM,58,54,57,59,61,44,63,61,55,65,54,58,2
15238,252358,F. Michel,CM,72,46,61,66,47,38,62,74,71,77,47,62,2
15242,164645,S. Dawson,CM,41,45,57,57,33,46,59,47,36,50,58,63,2
15258,189281,C. Clements,CM,58,50,60,60,45,43,61,58,58,80,55,62,2
15260,192585,E. Cebotaru,CDM,56,47,57,57,40,54,53,53,58,71,57,50,1
15267,197952,W. Łuczak,CAM,54,57,57,59,56,54,59,56,53,59,61,48,0
15268,200061,A. Tutte,CM,62,61,59,60,58,51,59,60,64,53,56,60,2
15293,235877,A. Belahmeur,CAM,69,45,56,63,41,51,59,67,70,66,59,46,0
15294,236002,A. Al Nashi,CDM,55,39,51,55,35,54,53,60,50,60,39,56,1
15296,238689,T. Siedschlag,CM,65,51,54,58,47,45,60,66,65,64,56,59,2
15299,239765,D. Srnić,CDM,68,41,54,64,33,47,66,69,67,76,52,42,1
15319,251303,J. Passaglia,CM,64,54,61,65,52,44,63,66,63,71,55,58,2
15325,251784,M. Radin,CDM,54,48,54,58,45,51,60,52,55,53,26,47,1
15328,244289,K. Bafounta,CM,66,50,54,60,48,61,63,65,66,66,55,43,2
15333,234066,J. Hove,CM,70,52,56,59,52,52,63,69,70,62,49,54,2
15334,236905,B. Provoste,CAM,66,47,57,64,43,40,65,70,63,76,47,49,0
15341,247475,L. Zumberi,CAM,68,52,52,62,53,47,65,70,66,68,58,57,0
15350,240535,E. Chapman,CM,67,45,60,59,46,39,58,66,67,66,49,48,2
15355,244672,L. Benedetti,CM,66,47,57,64,48,45,66,60,70,59,49,56,2
15366,247658,R. Hajal,CAM,63,43,60,65,40,53,67,64,63,68,41,53,0
15378,248422,F. Cristea,CAM,70,48,53,58,48,42,61,73,68,67,55,48,0
15383,241953,R. Slater,CM,65,53,53,56,49,51,62,67,64,60,48,46,2
15388,247285,A. Deuro,CDM,69,36,50,61,29,45,63,69,69,73,30,51,1
15397,231673,L. Dreher,CM,63,47,57,60,44,49,63,61,65,68,42,48,2
15415,250872,O. Diagne,CDM,61,34,48,60,27,64,59,62,61,65,45,50,1
15417,251169,O. Camara,CM,66,48,56,58,40,53,61,69,63,60,60,46,2
15433,237836,J. Otálvaro,CAM,76,52,53,59,50,30,60,79,74,73,55,55,0
15436,239193,B. Volpini,CAM,61,49,56,66,48,42,68,57,65,60,46,57,0
15442,243801,D. Dressel,CM,64,46,54,59,46,48,61,68,60,61,52,43,2
15450,246179,D. van Kaam,CAM,57,45,60,61,44,47,64,49,63,54,50,63,0
15453,247108,I. Cechi,CM,61,54,56,63,55,55,63,65,58,65,30,68,2
15457,248354,E. Del Ángel,CDM,54,43,55,55,37,55,55,55,53,61,56,45,1
15460,251572,C. Boli,CAM,66,52,57,62,51,33,60,68,65,71,55,62,0
15466,236897,M. Moya,CAM,74,50,54,64,52,38,61,77,71,80,48,44,0
15468,238066,C. Polo,CDM,64,35,47,52,31,46,54,67,61,62,34,44,1
15474,245014,S. Janssen,CM,61,52,58,59,46,60,58,57,65,72,54,54,2
15478,248373,J. Plascencia,CM,64,50,56,60,49,59,58,65,63,65,52,56,2
15489,236256,R. Abarca,CAM,61,53,51,64,61,37,60,59,62,54,52,56,0
15490,237479,B. Liddle,CM,69,49,56,59,42,54,59,71,68,69,53,50,2
15502,244542,K. Kaïboue,CDM,58,51,57,56,49,60,58,52,62,59,35,46,1
15513,251518,J. Mangonzo,CM,61,44,55,58,37,47,60,63,60,57,52,54,2
15531,239324,M. Talal,CM,47,40,56,65,34,53,65,51,44,64,28,57,2
15538,242154,A. Thurgate,CM,67,45,55,58,43,47,58,68,67,60,54,53,2
15549,251607,B. Ilie,CM,63,50,56,62,51,41,59,62,64,78,48,54,2
15557,230148,W. Tomlinson,CM,70,49,56,59,44,54,58,71,70,73,54,58,2
15562,232904,A. Al Dawsari,CDM,62,37,54,57,29,49,58,58,65,66,40,53,1
15564,234960,D. Rojano,CDM,57,42,53,54,43,37,55,60,55,60,48,51,1
15574,243719,B. Breukers,CM,64,59,61,60,59,40,60,67,62,63,55,63,2
15578,244729,P. Wienhoven,CM,66,46,56,60,38,52,60,65,67,60,59,49,2
15583,251799,S. Yatağan,CAM,64,45,63,59,43,49,63,57,69,49,42,60,0
15590,232769,N. Femia,CM,66,54,57,61,54,51,61,65,67,61,61,55,2
15595,236389,T. Holland,CM,63,54,60,63,52,48,64,61,64,59,53,66,2
15613,247576,J. Murtin,CM,63,49,58,61,47,41,61,64,62,62,51,58,2
15616,251013,D. Aravena,CM,66,45,56,55,37,41,60,63,69,58,47,39,2
15617,251017,M. Maureira,CDM,58,33,49,45,21,56,46,62,55,62,32,41,1
15618,251389,Vidorreta,CM,65,55,62,60,57,49,61,61,68,62,56,66,2
15626,225999,F. Lesniak,CM,49,52,56,58,47,47,60,46,51,60,52,55,2
15627,227278,G. Berggren,CM,58,45,53,57,40,53,60,57,59,64,44,53,2
15644,245855,D. Chambost,CAM,64,51,61,59,52,46,62,66,63,64,51,65,0
15649,251286,F. Rüdlin,CDM,59,45,53,60,39,39,60,55,63,69,50,44,1
15653,252546,C. Gyeboaho,CM,62,49,56,61,52,70,62,60,64,47,24,50,2
15662,229504,F. Lauenborg,CM,60,49,58,61,49,39,61,60,60,70,53,52,2
15664,232362,R. de Vos,CM,60,50,58,59,44,47,59,50,68,65,52,58,2
15674,241915,S. Sørløkk,CM,78,52,53,60,54,31,61,75,81,63,60,58,2
15675,241955,S. Amin,CM,66,40,58,63,35,35,64,69,63,73,46,59,2
15708,247254,M. Burruchaga,CM,63,49,57,58,41,63,59,64,63,60,55,49,2
15711,248081,M. Chelaru,CM,58,45,52,57,34,46,60,60,56,62,48,45,2
15712,251646,J. Papeau,CAM,63,52,58,62,50,43,64,63,63,51,52,58,0
15716,252761,J. Gottesman,CDM,73,39,53,55,33,45,54,72,74,67,44,43,1
15732,242088,Y. Wakizaka,CM,55,51,58,62,51,31,66,54,55,56,56,59,2
15741,252023,J. Sánchez,CM,65,44,58,56,33,55,58,66,64,56,55,52,2
15754,229914,E. Osadebe,CM,85,45,55,62,41,49,57,84,86,79,53,57,2
15758,243800,S. Seferings,CAM,65,56,55,61,57,49,60,66,64,60,57,48,0
15759,246830,Y. Orozco,CM,68,49,54,56,48,47,58,69,67,72,48,60,2
15765,252807,S. Dikmen,CDM,62,43,58,58,41,55,57,63,62,50,34,41,1
15766,206659,J. McLaughlin,CM,71,55,58,65,54,52,64,72,71,66,56,58,2
15770,224526,J. Lyden,CM,57,49,54,63,46,61,66,58,56,60,55,52,2
15771,224620,Zhang Yi,CM,67,47,53,59,42,50,58,62,71,64,59,54,2
15778,204426,J. Melling,CDM,61,43,50,57,40,40,56,59,62,74,41,41,1
15784,228359,N. Zulciak,CAM,66,48,57,60,52,48,59,65,67,75,54,42,0
15837,212532,Lee Sang Hyeob,CM,61,56,58,58,55,49,54,51,70,75,64,50,2
15840,221786,Bae Seung Jin,CDM,66,29,47,57,24,58,57,66,66,63,30,47,1
15871,252446,J. Mendez,CAM,58,48,59,61,49,35,65,54,61,48,41,57,0
15897,246290,Y. Meneses,CAM,62,40,57,65,44,35,66,65,60,65,48,59,0
15905,245994,A. Gomez Mancini,CAM,55,51,58,57,51,44,58,55,55,61,53,49,0
15928,238188,L. McCormick,CM,75,45,55,61,44,49,59,74,76,79,54,49,2
15934,242994,K. Kesgin,CM,65,48,57,62,46,54,60,64,66,83,56,44,2
15935,243524,S. Grønli,CAM,65,54,47,63,54,49,60,68,62,82,53,47,0
15938,246458,B. Galdames,CAM,62,45,60,59,44,27,61,66,59,76,57,52,0
15939,247599,L. Leroy,CM,64,44,58,58,38,51,59,62,65,59,39,44,2
15942,252019,L. van Kleef,CM,64,52,60,58,53,41,62,65,63,56,45,57,2
15962,247581,E. Kumah,CAM,88,45,58,56,45,53,54,87,88,63,53,42,0
15964,248684,M. Keita,CDM,62,40,52,51,33,57,53,60,64,52,47,51,1
15971,252172,L. Coveliers,CDM,62,31,49,48,23,59,42,65,59,57,42,50,1
15977,239515,A. Cavagnera,CDM,59,34,57,62,28,53,63,55,63,63,34,48,1
15978,240945,G. McGregor,CM,66,43,57,56,38,52,59,67,66,68,40,48,2
15991,246789,A. Smith,CM,76,51,56,59,47,47,57,77,75,79,55,55,2
15999,251385,S. Mambo,CDM,64,28,48,55,21,55,56,61,66,56,13,45,1
16000,251565,D. Huiberts,CDM,74,48,55,57,41,59,50,72,75,76,53,47,1
16015,247021,I. Smith,CM,64,43,57,61,36,42,61,66,62,65,36,55,2
16023,251302,M. Opfermann Arcones,CDM,54,45,50,59,41,55,59,55,54,69,41,50,1
16027,252343,R. Zuijderwijk,CAM,64,52,56,63,54,47,63,60,68,76,46,65,0
16036,240008,A. Papadopoulos,CDM,65,27,40,56,22,43,56,62,67,65,32,53,1
16037,240423,Gabi,CAM,56,43,62,61,40,49,64,48,62,46,43,64,0
16053,230615,M. López,CAM,71,42,55,60,43,32,54,73,69,75,53,55,0
16066,241878,D. Mercado,CM,59,45,56,61,43,54,62,60,58,64,32,51,2
16067,243625,Choi Beom Kyung,CM,58,55,58,58,58,43,58,62,55,53,51,47,2
16071,244236,J. Farias,CAM,61,54,54,62,53,38,63,67,56,71,52,55,0
16073,245851,L. Cabrera,CM,61,52,59,63,52,62,62,62,60,60,53,61,2
16075,246747,I. Tona,CAM,60,48,60,58,49,51,62,54,64,44,50,58,0
16077,248553,Y. Diaz,CM,62,47,54,55,40,56,60,56,66,63,53,44,2
16101,240262,J. Brimmer,CM,60,45,57,60,45,43,61,59,61,57,50,55,2
16119,251313,S. Lahssaini,CM,67,46,56,61,36,58,55,68,67,64,61,50,2
16122,252071,J. Gardiner-Smith,CM,71,48,54,60,43,50,60,73,70,72,51,56,2
16131,227855,B. Sabovic,CM,64,51,59,58,48,46,59,57,69,66,51,55,2
16141,236012,C. Levingston,CDM,62,55,54,56,55,56,53,62,62,67,53,52,1
16152,243893,K. Fatkić,CM,62,44,61,57,43,44,62,61,63,62,45,53,2
16186,241332,Zhang Huachen,CDM,75,43,53,54,38,49,53,72,77,74,35,47,1
16192,245378,J. Rivas,CAM,69,43,56,61,37,38,59,67,71,77,55,54,0
16194,246795,Y. Al Harbi,CDM,63,35,52,58,30,49,58,66,61,60,48,49,1
16195,247008,Zu Pengchao,CAM,80,40,56,59,37,44,60,78,81,81,35,59,0
16197,247400,C. Villalba,CM,64,44,57,57,36,55,51,60,67,51,56,43,2
16198,247446,W. Loeper,CM,63,44,55,60,41,44,63,61,64,55,48,53,2
16220,246549,M. Siby,CDM,57,36,51,53,32,63,54,59,55,57,40,45,1
16227,251664,E. Cuevas,CAM,55,51,58,64,49,47,67,55,55,58,44,57,0
16240,232181,H. Adamczyk,CM,70,52,56,66,54,40,66,66,73,77,51,53,2
16250,244212,P. Sokołowski,CDM,65,36,55,55,30,48,52,66,64,67,33,56,1
16259,215104,A. Delgado,CAM,66,52,50,62,52,46,64,64,68,59,50,40,0
16288,222432,Feng Gang,CM,82,46,57,63,34,46,63,83,81,74,51,40,2
16291,229800,R. Sharahili,CDM,39,36,52,53,37,55,55,37,41,51,31,50,1
16298,247878,C. Marín,CM,67,43,53,53,38,57,52,63,71,64,57,62,2
16300,251749,O. Patla,CAM,77,53,57,60,51,48,58,79,76,81,52,58,0
16304,206454,G. Andronic,CAM,67,40,58,59,36,49,59,65,69,77,54,67,0
16320,179617,L. Héloïse,CDM,49,36,53,53,38,64,56,46,51,53,45,60,1
16334,222190,Lü Peng,CM,62,36,57,65,32,58,66,60,64,76,52,38,2
16340,240417,P. Silfwer,CM,66,40,59,62,39,40,64,67,66,64,50,58,2
16347,248760,J. Popelard,CM,58,45,55,56,47,42,60,53,62,58,59,42,2
16354,251745,C. Palan,CM,68,47,57,55,38,59,55,68,68,66,55,60,2
16357,246601,J. Rowland,CAM,72,48,53,59,45,39,57,70,73,74,49,59,0
16365,246054,J. Weir,CM,65,49,56,56,44,50,58,64,65,59,56,48,2
16368,233048,T. Dele-Bashiru,CM,63,49,53,60,49,48,56,67,59,73,57,49,2
16373,247933,S. Moreno,CM,76,48,53,62,49,38,59,79,74,71,47,43,2
16375,242531,J. Kitolano,CM,77,46,53,62,44,53,60,75,78,80,56,52,2
16377,244926,J. Steiger,CM,71,41,53,61,39,44,62,69,73,70,42,55,2
16378,246757,S. Väänänen,CM,71,41,53,61,38,38,58,73,70,75,50,48,2
16387,233804,T. Bakinson,CM,64,50,52,61,49,51,62,62,65,62,40,61,2
16396,246180,A. Bates,CM,71,51,55,60,49,43,57,72,71,75,54,55,2
16407,252442,E. Del Prato,CDM,68,45,56,54,34,56,49,69,68,51,60,44,1
16411,240672,L. Burgess,CM,71,50,55,60,50,41,62,72,71,66,53,43,2
16412,242548,A. Manzur,CM,64,43,54,56,32,52,55,62,66,51,55,43,2
16415,244783,T. Koch,CDM,66,37,50,57,37,53,59,64,68,65,31,58,1
16420,248876,P. Horschig,CDM,65,38,52,57,35,49,55,67,63,64,33,42,1
16424,251662,A. Casar,CM,63,43,56,57,38,47,57,61,64,65,49,52,2
16425,251687,S. Matoug,CAM,61,52,53,60,53,44,61,62,60,57,55,56,0
16427,252008,I. Reyes,CM,65,48,56,56,43,56,55,66,65,65,58,54,2
16438,241396,J. Morton,CM,66,45,54,58,42,50,58,67,65,71,40,53,2
16443,245125,P. Plewka,CDM,65,44,59,58,40,45,59,66,64,65,43,60,1
16444,245452,N. Al Farshan,CM,64,47,52,61,43,44,62,63,64,58,45,41,2
16447,246902,F. González,CM,68,49,55,59,49,53,60,67,69,63,54,48,2
16452,251386,C. Bombo,CDM,68,40,55,58,34,56,53,67,68,71,32,45,1
16454,252510,D. Pawłowski,CAM,67,50,53,54,52,44,58,65,69,57,54,43,0
16457,235771,T. Lowery,CM,63,42,56,59,41,35,55,67,59,71,44,58,2
16467,245138,G. Galoppo,CM,61,43,54,58,35,58,59,63,59,60,53,55,2
16470,246745,A. Gutiérrez,CM,57,43,54,59,38,55,60,60,55,73,31,41,2
16473,247522,N. el Ablak,CAM,61,48,52,65,50,37,63,62,61,73,44,65,0
16484,233744,K. Evans,CAM,64,42,56,58,34,60,59,61,66,55,55,47,0
16485,234497,H. Clifton,CM,75,50,53,58,50,45,57,79,71,68,54,51,2
16491,240697,S. Baptiste,CM,57,41,54,56,42,55,60,55,58,55,41,43,2
16492,241601,C. Barrios,CAM,81,49,48,62,50,32,54,83,79,83,54,59,0
16506,252322,I. Hațiegan,CAM,63,44,58,57,41,44,57,64,62,57,49,58,0
16508,252531,L. Wanner,CM,66,41,54,54,36,52,56,67,65,55,55,57,2
16528,247256,J. Congo,CDM,69,40,47,49,32,47,49,68,69,61,45,45,1
16532,252423,F. Waleed,CDM,68,42,49,54,41,47,54,66,69,62,54,48,1
16558,245747,B. Rivera,CDM,57,34,51,50,29,52,52,55,58,50,26,38,1
16562,246831,A. Serna,CM,69,49,49,51,49,51,52,66,72,54,53,56,2
16571,251962,R. Mroivili,CDM,59,43,54,59,38,54,55,57,61,55,40,51,1
16572,252301,D. Fage,CM,76,42,53,62,33,49,60,77,75,73,47,44,2
16577,227954,S. Allardice,CM,48,52,56,55,52,53,56,51,45,56,52,52,2
16594,248148,Zubimendi,CM,61,49,59,58,44,40,52,62,61,63,60,68,2
16595,251236,A. Cordea,CAM,59,48,55,61,49,33,59,58,60,61,48,53,0
16598,251866,O. Djorkaeff,CM,71,49,58,62,46,48,61,71,71,66,52,53,2
16601,252514,A. Österholm,CM,66,47,56,58,45,44,59,65,66,68,54,49,2
16612,242258,H. Biggins,CM,65,46,53,60,46,36,60,66,65,63,53,59,2
16617,247538,Li Jinqing,CDM,65,37,48,48,31,41,43,69,62,67,50,58,1
16620,219163,J. Kellermann,CM,66,50,56,58,44,52,58,65,66,62,49,52,2
16622,226352,J. Sowerby,CM,47,47,51,59,46,51,57,44,49,65,53,43,2
16623,228781,W. Collar,CDM,62,50,53,55,47,32,57,57,66,54,31,56,1
16629,242414,Yao Junsheng,CM,63,51,58,58,42,56,52,62,63,80,52,55,2
16638,252460,J. Miguel,CM,62,42,56,55,33,52,56,63,62,57,51,49,2
16652,250970,M. Wolski,CM,68,39,52,56,32,44,53,69,68,62,53,38,2
16653,251238,A. Carlone,CAM,73,51,55,62,54,38,62,74,73,71,41,53,0
16666,251361,U. Đuranović,CAM,64,49,55,59,50,40,58,58,68,55,53,58,0
16678,228139,E. Bird,CM,64,52,53,60,55,43,61,61,67,61,52,40,2
16681,242104,A. Ordagić,CM,67,52,54,57,48,52,58,68,67,63,56,47,2
16692,248716,M. Warburton,CAM,70,52,51,56,55,32,52,73,68,71,60,54,0
16702,222182,Zhu Xiaogang,CDM,48,25,42,47,21,52,53,34,60,47,26,51,1
16714,251750,D. Singhal,CDM,67,50,50,54,45,54,51,68,67,59,40,61,1
16715,251909,B. Manzano,CDM,58,33,51,54,29,42,55,60,57,63,33,37,1
16720,246100,K. Askildsen,CM,59,41,52,58,37,48,60,57,61,57,43,52,2
16723,247352,B. Palmezano,CAM,70,46,50,60,46,39,55,79,62,76,51,54,0
16726,247563,Y. Velázquez,CAM,65,49,52,58,52,40,58,63,67,61,55,58,0
16730,252029,J. Roth,CDM,60,38,51,55,36,44,55,64,57,53,36,50,1
16736,245033,T. Roberts,CAM,68,42,52,58,41,43,56,66,69,70,51,52,0
16749,244623,E. Maulana Vikri,CAM,61,41,57,55,41,40,58,55,66,65,45,58,0
16761,245761,A. Morgan,CM,71,38,55,52,33,42,54,72,70,59,52,37,2
16771,236838,Y. Maleh,CM,64,52,53,58,52,47,58,62,65,65,55,55,2
16776,245239,M. Kulke,CM,67,51,52,56,50,46,58,69,65,67,54,52,2
16778,245523,M. Al Mutairi,CAM,68,46,53,59,49,38,56,68,68,59,52,53,0
16781,247521,D. Ioannidis,CM,63,43,58,62,34,49,64,63,63,65,48,64,2
16785,252177,D. Palmieri,CM,60,39,54,56,29,45,58,60,60,49,52,50,2
16811,237734,J. Guzmán,CAM,72,49,51,54,52,45,48,70,74,65,57,49,0
16815,240812,M. Dulca,CM,59,44,58,59,43,59,56,62,57,57,35,49,2
16826,247897,G. Crețu,CM,70,49,54,61,44,40,61,69,71,73,50,62,2
16830,252901,C. Borțoneanu,CM,59,47,53,58,49,36,54,57,61,72,52,51,2
16849,228664,H. Duman,CM,72,51,55,59,47,49,61,68,75,72,53,52,2
16874,248694,I. Karamoko,CM,52,47,55,56,41,61,58,47,56,56,55,48,2
16876,251001,C. Boyd-Munce,CM,63,52,54,53,48,43,51,62,64,63,60,40,2
16881,251960,J. Munsters,CDM,61,42,50,54,37,55,57,64,59,55,28,46,1
16885,252503,L. Soszyński,CDM,59,34,49,51,30,44,53,59,59,50,31,39,1
16889,226693,M. Zeroual,CAM,61,36,52,62,34,29,60,71,52,71,49,57,0
16900,241200,D. Stynes,CAM,64,43,55,60,41,39,59,62,65,61,54,57,0
16901,243498,J. Caicedo,CDM,64,42,52,50,33,51,51,68,61,60,51,46,1
16906,247932,G. Bosiers,CAM,65,50,53,60,47,37,60,69,62,71,47,45,0
16929,247822,J. Nisbet,CDM,70,41,54,57,42,48,50,67,72,80,33,47,1
16934,251102,M. Trąbka,CAM,63,55,52,57,51,42,57,61,64,61,52,43,0
16937,252050,A. Aguirre,CM,53,40,57,54,33,51,57,57,50,47,30,42,2
16939,252173,A. Van Keilegom,CAM,61,44,60,55,36,38,57,57,64,49,38,54,0
16940,252786,B. Moreno,CAM,64,46,53,62,48,36,55,59,68,58,40,50,0
16942,225922,M. Shelton,CM,67,48,53,57,45,50,57,65,69,69,49,53,2
16943,230950,D. Devine,CM,68,39,54,58,34,39,58,63,72,65,50,48,2
16952,242863,A. Al Hassan,CDM,62,42,53,55,38,45,55,60,64,63,57,48,1
16965,251671,D. Klann,CDM,61,35,49,49,25,41,45,59,62,54,51,37,1
16966,228239,C. Cooper,CM,67,47,54,59,41,40,59,66,68,79,46,50,2
16972,241088,B. Chevreuil,CAM,64,45,52,59,44,42,58,60,67,64,51,61,0
16986,251765,G. Lionetti,CM,64,44,57,62,42,44,62,63,64,64,49,54,2
16990,252203,V. Jaramillo,CAM,56,43,61,57,41,48,61,51,60,48,44,59,0
17000,240952,F. Niang,CM,68,43,55,58,37,53,53,69,67,79,55,45,2
17003,247216,Y. Higuchi,CM,61,45,51,58,42,29,59,60,61,72,51,55,2
17005,213836,O. Sigurjónsson,CM,66,45,55,56,39,48,55,65,66,69,51,48,2
17016,241898,A. Ando,CDM,54,38,48,53,32,47,54,53,55,61,37,47,1
17036,252035,A. Al Khamis,CDM,62,34,51,53,29,49,53,63,62,57,29,38,1
17047,200744,R. Watson,CM,59,53,57,60,46,37,58,62,57,71,59,56,2
17055,224619,Ji Xiaoxuan,CAM,68,48,51,58,49,30,56,65,70,71,52,60,0
17057,247956,A. Souda,CAM,59,44,53,56,39,39,57,56,62,53,54,54,0
17076,247191,Song Zhiwei,CDM,59,34,48,52,29,65,55,56,61,55,43,44,1
17077,243353,B. Mumba,CM,61,37,53,54,33,50,55,58,63,53,42,57,2
17079,244773,C. Herrera,CAM,58,48,57,57,49,39,53,57,58,55,52,50,0
17081,245340,L. Sibley,CM,64,37,55,53,32,48,55,69,60,59,42,48,2
17082,245993,T. Renaud,CDM,60,39,49,56,33,47,53,63,57,67,41,47,1
17087,242347,I. Angking,CDM,68,51,53,61,48,62,61,69,67,61,53,58,1
17088,244715,T. Perry,CM,72,51,53,57,49,37,56,69,75,68,53,59,2
17096,248457,M. Nawrocki,CAM,69,45,49,56,42,29,54,73,65,61,55,51,0
17097,252194,C. Albornoz,CM,58,44,57,56,38,61,61,60,57,56,27,41,2
17100,240741,M. De Bie,CDM,59,33,47,50,26,56,57,62,56,54,35,48,1
17102,241825,T. Francois,CM,59,42,54,61,41,35,59,66,54,77,50,64,2
17108,246698,M. Zennaro,CM,59,40,53,54,30,49,54,60,59,53,56,52,2
17111,240603,J. Doyle-Hayes,CM,72,44,51,55,39,48,53,75,70,64,53,47,2
17124,230667,A. Diakhate,CM,60,46,54,52,37,54,50,62,58,59,56,58,2
17129,242062,H. Finndell,CM,65,46,55,62,49,42,61,65,65,67,44,52,2
17132,245222,A. Iontton,CM,66,46,52,55,43,47,55,66,66,63,52,51,2
17133,245604,F. Durmuş,CM,61,39,57,55,32,51,51,62,60,58,32,47,2
17145,241980,L. Gamíz,CDM,42,42,51,59,40,59,59,41,43,52,34,48,1
17147,243059,M. Castaño,CAM,69,41,56,58,38,41,57,71,68,73,47,50,0
17151,244224,F. Hammar,CM,61,47,52,58,48,41,58,62,61,63,46,57,2
17153,245603,E. Çetindere,CDM,59,39,52,57,32,60,57,56,61,58,40,49,1
17166,252727,I. Sevinç,CDM,66,49,54,54,41,55,50,64,68,50,54,42,1
17173,237036,R. Barnett,CM,69,45,52,58,39,51,59,70,68,75,44,58,2
17175,241946,T. Boni,CDM,58,35,45,52,31,48,56,61,56,54,34,43,1
17180,245509,J. Cavallo,CM,64,39,51,56,36,45,56,66,62,59,51,62,2
17189,252229,L. Nussbaumer,CM,66,43,51,55,38,43,55,69,64,63,48,45,2
17190,232814,J. Letniowski,CAM,77,44,51,60,41,36,57,84,72,74,46,51,0
17195,242463,F. Figueroa,CAM,72,45,50,58,42,37,56,73,72,70,52,45,0
17204,251940,D. Hafsteinsson,CDM,67,40,53,58,32,48,62,67,67,59,52,51,1
17225,239569,M. Weiß,CAM,63,37,55,59,35,28,59,64,63,72,50,42,0
17228,242452,C. Lindley,CM,58,42,54,53,39,45,53,59,57,59,55,41,2
17234,251475,J. Vogel,CM,47,36,54,49,37,57,59,40,52,37,35,55,2
17236,252262,J. Ras,CM,61,48,55,58,47,53,59,66,57,51,34,49,2
17237,252394,O. Omar,CAM,60,48,54,57,52,32,56,59,61,58,47,51,0
17239,230602,M. Francois,CM,66,49,53,52,51,48,51,62,69,56,56,48,2
17253,247029,A. Bustamante,CM,69,54,52,59,49,45,55,74,65,70,55,46,2
17262,252059,S. Abdul Samed,CDM,62,44,48,53,42,57,55,56,66,49,40,44,1
17263,252260,P. Sturm,CM,64,49,50,59,52,43,58,62,65,68,58,45,2
17268,238447,H. Ishikawa,CM,62,52,53,61,47,38,63,60,64,71,44,50,2
17269,239100,F. Ufuk,CDM,63,33,47,52,29,52,53,60,65,66,28,43,1
17273,247455,C. Díaz,CDM,68,42,47,47,39,49,46,69,67,58,53,49,1
17276,248583,S. Sprečaković,CAM,69,46,48,63,52,20,58,72,66,80,42,43,0
17281,251634,E. Florescu,CAM,61,36,57,57,31,37,56,59,63,70,48,59,0
17284,252695,K. Perez,CAM,68,45,50,58,45,33,55,72,65,59,44,57,0
17287,231827,N. Ferguson,CM,63,41,49,55,34,43,57,62,64,57,50,37,2
17294,247005,Wang Tong,CDM,60,36,46,48,34,44,51,59,60,50,34,41,1
17295,247046,M. Kouyaté,CM,65,37,53,58,33,48,56,69,62,59,50,35,2
17300,252234,N. Dorofeev,CM,59,41,57,56,35,55,54,60,58,60,35,46,2
17304,220913,F. Torres,CAM,65,46,49,57,43,46,56,64,66,66,51,48,0
17310,245508,O. Al Zayni,CDM,66,41,53,54,35,47,52,69,63,73,49,51,1
17313,247419,S. Watanabe,CM,63,38,52,58,33,45,60,64,62,70,56,41,2
17315,227892,R. Criscuolo,CM,58,45,56,58,44,41,56,62,55,58,44,58,2
17327,222187,Jin Qiang,CDM,63,27,54,47,23,41,46,62,64,83,29,41,1
17351,242345,G. Fuentes,CM,66,43,50,65,41,38,64,67,66,74,50,61,2
17356,251926,R. Ndiaye,CM,69,42,51,55,33,55,50,70,68,60,55,46,2
17357,239084,K. Ackermann,CM,64,41,51,58,36,43,58,62,66,68,46,47,2
17360,247532,R. Mimnaugh,CM,62,40,52,53,32,48,54,63,62,55,51,43,2
17363,240096,L. Brook,CAM,72,42,50,59,41,32,57,73,71,70,38,54,0
17368,246396,L. Sanchez,CAM,66,40,56,51,36,33,54,64,67,76,55,52,0
17371,251835,J. Caicedo,CDM,61,32,45,50,25,45,62,65,58,57,31,39,1
17377,246090,I. Acero,CM,58,45,54,55,49,56,51,59,58,52,29,43,2
17381,251976,C. Duke,CM,69,46,50,53,48,48,48,70,68,62,57,39,2
17383,252178,S. Wearne,CAM,62,40,55,54,42,42,57,64,61,51,38,61,0
17385,242633,M. Frendrup,CM,65,38,51,53,37,50,58,65,65,67,38,45,2
17394,252898,E. Ross,CM,64,45,52,57,41,44,58,63,65,58,49,61,2
17400,244425,M. Schantl,CM,55,44,51,55,41,44,55,57,54,56,52,41,2
17410,240648,C. Metcalfe,CM,64,46,45,59,47,44,57,64,64,69,45,48,2
17411,240674,C. Merrie,CM,63,50,51,54,45,47,54,62,64,57,50,55,2
17415,243546,H. Kite,CM,70,46,52,56,38,39,55,68,72,75,42,50,2
17421,248691,S. Paulet,CM,63,39,53,53,31,51,53,63,63,59,55,41,2
17423,250912,J. Pedersen,CM,69,41,55,53,38,42,52,70,68,65,48,54,2
17431,247464,J. Lackéll,CM,65,40,52,60,37,45,57,67,64,69,49,38,2
17435,251766,K. Stallone,CM,66,46,55,61,44,42,64,65,66,62,44,52,2
17439,234672,O. Kjærgaard,CM,65,45,51,60,45,42,62,68,63,65,46,53,2
17445,241304,Ma Junliang,CM,81,45,52,56,41,65,51,84,78,78,52,39,2
17454,248730,A. Brennan,CM,73,47,49,57,45,36,54,75,71,66,54,52,2
17464,252365,L. Doyle,CM,70,50,51,57,48,44,54,71,69,68,48,54,2
17465,252390,M. Nilsson,CDM,66,36,45,54,33,58,54,63,69,62,30,37,1
17469,239006,J. Isaksen,CM,61,46,52,53,43,52,52,61,61,59,55,43,2
17484,240419,R. Strechie,CM,60,39,53,54,34,47,52,61,59,68,41,47,2
17496,246075,I. Umbdenstock,CDM,56,37,49,55,31,53,57,57,55,62,37,43,1
17498,247404,P. Cárdenas,CM,61,46,54,55,42,48,57,65,57,53,32,42,2
17500,248380,M. Hansen,CM,68,45,54,55,44,35,55,70,66,65,49,54,2
17501,252267,N. Köpf,CM,65,42,52,55,32,47,55,62,67,65,50,49,2
17507,238527,R. Shibamoto,CAM,66,46,53,54,46,39,51,65,66,60,49,59,0
17519,241480,M. Kwietniewski,CAM,78,51,45,60,54,36,57,77,79,77,49,51,0
17527,247399,R. Lora,CM,60,37,50,54,30,52,54,58,61,57,58,55,2
17533,252842,T. Salazar,CM,63,47,54,54,43,42,54,63,63,59,48,55,2
17535,225583,D. Gorman,CM,63,42,55,52,37,31,50,66,60,68,48,52,2
17543,245083,B. Syla,CAM,63,45,50,58,43,49,53,65,61,88,50,51,0
17546,235715,H. Paton,CM,57,38,54,61,30,52,62,51,61,54,40,42,2
17555,252899,M. Virtanen,CM,61,40,52,54,30,45,54,61,61,58,51,45,2
17590,252376,J. Knight,CM,60,37,52,55,29,45,49,59,61,59,48,42,2
17592,243520,A. McCann,CM,59,39,51,50,32,45,52,51,65,49,49,41,2
17593,244550,M. Rakoczy,CAM,66,41,52,52,33,47,45,68,65,61,51,43,0
17601,252525,D. Mistrafovic,CDM,56,35,45,51,30,54,49,57,56,56,40,46,1
17609,239672,H. Tangen,CM,60,44,53,59,42,46,57,59,60,67,47,56,2
17618,252166,D. Ściślak,CAM,66,45,48,58,46,33,55,71,61,67,43,52,0
17621,239831,C. Sangster,CM,63,44,51,51,38,43,50,66,60,69,52,50,2
17622,240596,K. McClean,CM,66,44,54,61,43,39,59,64,67,64,47,61,2
17624,241690,M. Wolfe,CM,64,40,50,50,31,46,52,66,63,60,48,38,2
17632,247447,O. Antman,CM,66,36,51,60,30,41,60,69,63,74,51,50,2
17637,251276,N. Alexandersson,CAM,67,43,46,58,44,33,58,68,67,67,49,48,0
17639,251371,N. Jaby,CDM,70,46,53,51,45,42,44,72,68,71,59,54,1
17641,251759,O. Gorin,CDM,65,38,45,52,31,51,45,63,66,67,50,33,1
17643,231403,C. Kirby,CM,64,40,48,58,32,53,55,64,64,75,51,41,2
17660,246446,T. Pugh,CM,69,43,50,55,40,42,53,70,68,73,47,47,2
17670,238374,F. Barragán,CAM,65,45,50,52,45,39,50,63,66,76,39,58,0
17676,244495,D. Qela,CM,65,41,51,57,40,46,58,65,65,65,42,40,2
17685,252459,A. Ratajczyk,CAM,66,45,48,56,46,36,52,69,63,74,43,41,0
17690,244554,J. Dodd,CM,69,42,50,55,41,40,54,68,69,71,48,56,2
17693,247657,J. Wellers,CDM,57,36,49,52,32,51,53,59,55,59,32,43,1
17697,251617,A. Gigovic,CAM,62,44,49,56,43,32,60,59,64,56,42,55,0
17699,252249,J. Berks,CM,71,49,50,58,47,38,54,74,68,80,46,53,2
17701,240358,S. Lusiusz,CM,65,40,52,49,31,50,48,63,66,75,49,45,2
17705,246310,C. Cappis,CM,64,38,48,54,34,46,54,61,66,57,46,38,2
17719,252670,K. Al Ghuwainim,CDM,60,39,49,51,35,43,49,58,62,60,35,44,1
17731,248162,G. Sarria,CM,62,44,50,56,39,43,56,59,64,66,31,40,2
17732,248244,N. Gourmat,CAM,63,38,58,50,34,40,51,56,69,57,38,54,0
17742,245494,A. Al Meqran,CAM,53,53,44,56,57,57,56,52,53,58,50,44,0
17747,236416,P. Mucha,CM,66,47,53,58,48,49,56,66,66,75,42,52,2
17749,240567,T. Widdrington,CM,65,42,54,51,40,42,52,60,69,61,49,59,2
17752,248714,Chen Fujun,CM,64,43,50,55,42,45,60,66,62,53,47,52,2
17753,248724,L. Jiménez Jaimes,CM,62,35,49,55,28,48,54,65,59,57,52,36,2
17755,252354,O. Novelo,CM,64,41,51,53,34,43,51,64,64,59,52,41,2
17764,245401,Lee Dong Hee,CM,62,33,52,58,30,48,60,63,62,65,41,55,2
17767,251853,S. D'Angelo,CM,60,46,58,53,48,48,51,60,60,64,42,58,2
17768,252581,J. Linnet,CM,65,42,51,51,38,55,52,62,67,60,46,40,2
17770,228048,Sun Weizhe,CDM,64,39,46,54,39,54,55,62,66,59,49,41,1
17784,246447,Nicolas Firmino,CAM,62,40,51,54,37,40,47,67,57,65,48,40,0
17787,252884,D. Jefferies,CDM,59,27,44,51,26,44,52,62,56,59,49,34,1
17788,243891,M. Larsen,CM,64,42,54,54,42,43,54,65,63,68,56,43,2
17795,246681,I. El Mizouni,CM,63,38,48,52,30,48,50,67,60,50,53,43,2
17798,248131,Park Jung In,CAM,66,38,53,50,31,48,46,67,65,59,51,42,0
17799,248175,M. Knudsen,CAM,64,45,49,54,45,39,54,65,63,58,42,46,0
17803,252502,D. Dudziński,CAM,62,45,49,58,42,41,55,56,66,54,46,52,0
17805,252586,S. Graham,CM,61,39,50,51,37,47,53,63,60,56,49,39,2
17807,242240,L. D'Arrigo,CM,62,40,48,55,40,48,56,65,60,60,52,41,2
17810,250764,A. Antunes,CAM,60,46,46,59,48,30,60,61,60,59,39,51,0
17812,243369,J. Harboe,CM,64,45,51,56,44,35,55,63,64,72,50,50,2
17813,243539,K. Yakob,CM,69,41,47,52,38,42,52,68,69,65,49,47,2
17814,246007,R. Teague,CDM,60,32,47,52,29,44,54,64,57,52,36,63,1
17817,248551,T. Stabell,CM,70,39,50,56,32,46,51,73,67,79,48,38,2
17821,240102,J. Cuero,CM,62,40,47,55,35,45,51,66,59,61,54,38,2
17825,246467,A. Youssef,CM,65,48,49,57,52,36,62,64,65,58,57,57,2
17838,247838,A. Sagbakken,CDM,65,33,48,48,28,46,46,66,64,58,32,39,1
17839,248460,J. Simmons,CM,64,43,50,56,44,36,56,64,64,59,52,51,2
17844,251559,R. Duncan,CM,65,46,54,54,47,40,50,69,62,56,50,58,2
17845,251652,A. Mujanic,CM,67,43,50,59,43,37,60,70,64,78,45,58,2
17849,242165,R. Hauge,CM,65,47,50,56,46,46,54,64,65,79,38,48,2
17852,243890,C. Rowe,CM,63,38,51,54,28,51,53,65,62,56,55,46,2
17859,251324,M. Gottwald,CDM,59,34,49,52,31,47,50,61,58,52,39,44,1
17872,252571,L. Smith,CAM,62,43,52,54,44,40,53,56,66,52,37,52,0
17877,243359,Kim Jong Jin,CM,74,51,50,54,53,48,58,76,73,66,53,62,2
17886,231928,R. Hughes,CM,50,40,50,56,35,48,55,56,45,68,36,50,2
17891,243283,M. Westergaard,CM,62,38,48,55,35,43,54,64,61,58,42,44,2
17906,245423,I. Al Otaibi,CM,66,41,56,60,39,37,55,65,67,74,47,50,2
17909,231646,P. Żyra,CAM,62,42,47,56,40,49,54,61,63,76,45,44,0
17910,233910,M. Said,CAM,68,41,53,50,35,52,46,64,71,59,49,38,0
17912,244559,Carlos Mendes Gomes,CAM,69,48,45,58,46,38,54,68,69,68,42,39,0
17915,247443,L. Portilla,CM,63,40,53,59,37,38,61,64,63,55,45,58,2
17916,252030,B. Fazliji,CM,58,35,52,48,29,44,49,57,58,53,36,44,2
17918,241341,Zhang Yuan,CM,73,37,49,55,30,48,50,70,76,76,53,43,2
17925,244352,F. Gemmi,CDM,59,36,49,53,32,45,49,55,62,58,39,42,1
17931,252384,L. Tomlinson,CM,70,43,52,56,44,36,52,71,69,74,47,52,2
17961,243200,S. Mulattieri,CAM,61,43,47,57,42,34,61,55,65,51,38,55,0
17962,246136,A. O'Reilly,CM,65,39,50,48,30,48,45,63,66,56,50,40,2
17963,246311,A. Heap,CM,62,35,46,53,30,43,50,65,60,65,47,37,2
17964,247868,M. Præst,CM,65,35,49,48,26,47,45,63,66,59,47,39,2
17967,252881,H. Hopper,CM,66,42,51,53,40,41,54,65,67,57,48,57,2
17976,246201,E. López,CM,60,38,48,51,35,46,53,63,58,55,51,54,2
17978,250895,J. Barnett,CM,68,42,49,58,42,43,59,65,70,64,42,50,2
17984,245424,S. Al Saeed,CM,60,37,50,55,35,43,58,61,60,56,44,45,2
17989,248722,A. Titi,CDM,61,36,46,45,29,47,45,62,61,53,45,39,1
17994,252507,M. Żurawski,CM,65,39,50,48,32,49,50,63,67,52,48,40,2
18000,251176,S. Silvera,CAM,66,48,39,59,49,34,57,67,65,63,41,52,0
18002,234096,B. Hvidt,CM,51,43,51,54,42,47,56,54,49,59,39,46,2
18009,246119,A. Tjærandsen-Skau,CM,65,44,51,53,38,50,55,64,65,67,44,40,2
18010,246134,J. Baxter,CM,63,38,49,48,28,47,51,61,64,50,48,40,2
18011,246600,K. Taylor,CM,67,38,48,54,35,42,52,68,67,69,43,42,2
18013,246935,M. Kusu,CDM,56,35,45,46,32,46,47,57,56,55,32,43,1
18020,242056,C. Timmins,CM,63,40,47,50,35,48,48,65,62,53,45,40,2
18025,251516,O. Ashley,CM,71,43,48,49,42,42,48,70,71,54,56,46,2
18026,227629,O. Finney,CM,63,44,49,56,44,39,53,67,59,65,49,48,2
18028,243417,T. Awua,CM,59,38,49,50,31,51,45,66,54,60,53,37,2
18032,248225,Zhou Bozhao,CAM,75,39,54,49,37,37,46,76,75,75,35,57,0
18043,251939,I. Bancé,CAM,67,38,48,50,31,39,46,67,67,66,51,40,0
18052,238169,C. McGilp,CM,64,43,52,53,42,40,54,63,65,60,46,54,2
18056,252719,G. Al Enazi,CM,65,40,52,58,37,37,51,63,67,62,43,51,2
18064,241303,Zhang Gong,CDM,57,36,45,45,31,47,42,58,57,65,52,40,1
18067,247038,J. Haak,CM,53,38,47,53,36,45,51,56,51,57,39,37,2
18068,252888,T. Charters,CM,68,34,47,47,28,46,48,69,68,59,47,38,2
18078,252880,L. Bradley,CM,67,42,50,52,41,37,46,65,69,59,45,57,2
18080,251306,A. Randell,CM,65,34,48,49,25,41,52,60,69,51,46,40,2
18085,250738,E. Vale,CM,58,36,48,52,34,43,51,56,59,58,39,37,2
18091,238664,T. Maloney,CM,67,35,51,47,27,48,43,65,68,65,46,35,2
18096,245720,B. Arapovic,CM,63,41,46,53,39,39,52,64,63,67,49,40,2
18098,251308,T. Purrington,CM,66,40,50,55,35,37,54,67,65,63,47,56,2
18105,248459,P. Langlois,CDM,56,31,40,40,28,52,42,53,58,44,20,44,1
18106,250935,J. Dixon,CAM,64,37,54,46,34,37,51,65,64,51,39,54,0
18108,251822,L. Bredol,CAM,58,36,52,51,33,42,45,53,62,76,40,57,0
18111,252499,A. Sójka,CM,60,41,52,53,41,48,54,52,66,51,38,51,2
18114,243876,M. Frøkjær-Jensen,CM,63,49,50,53,50,43,50,65,62,62,48,41,2
18115,247451,R. Finn,CM,59,48,53,52,45,46,50,58,59,63,52,50,2
18121,247353,O. Sewerzyński,CDM,60,38,50,51,30,52,44,59,61,66,48,42,1
18125,235611,K. Gunnarshaug,CM,55,40,49,50,32,47,50,55,55,59,51,41,2
18128,252157,S. Ciocan,CDM,52,36,45,51,34,50,49,52,52,61,34,42,1
18134,247718,Huang Cong,CDM,65,34,44,49,32,42,53,69,62,60,37,41,1
18139,234270,S. Tascone,CM,54,42,48,55,39,44,53,52,56,58,44,41,2
18141,243097,Yin Congyao,CAM,62,39,53,47,37,38,47,57,66,52,41,56,0
18145,251023,J. Curran,CM,72,34,48,49,32,40,44,73,71,53,45,41,2
18147,252063,D. Keane,CM,67,38,47,47,33,47,46,65,69,53,53,42,2
18149,243084,Yang Guoyuan,CM,63,41,52,53,38,42,51,60,65,63,41,55,2
18154,243108,Liu Yi,CDM,70,38,43,50,34,49,52,69,70,60,52,37,1
18156,251856,D. Meisel,CM,71,42,52,54,40,36,51,70,71,82,43,51,2
18168,252355,R. Hernández,CM,53,39,50,48,32,38,50,55,51,52,41,48,2
18171,252892,J. Starbuck,CM,66,43,51,51,44,43,50,65,66,58,42,51,2
18173,252792,C. Gormley,CAM,63,41,46,53,43,37,50,61,65,54,36,53,0
18177,246758,J. Tauriainen,CAM,64,44,48,46,40,40,45,68,60,56,45,38,0
18178,248239,Lee Seung Yeop,CM,62,33,46,53,25,49,51,61,62,59,42,42,2
18181,252556,B. Shabani,CM,65,43,47,50,44,34,53,69,61,63,40,46,2
18185,252886,K. Osigwe,CM,64,36,47,46,32,40,43,63,65,57,45,40,2
18194,246920,D. Collander,CM,70,39,47,58,35,32,55,68,72,69,45,52,2
18196,241306,Zhao Keda,CM,75,37,46,50,32,43,45,70,79,78,54,39,2
18205,250782,I. Bråholm,CDM,66,35,45,50,29,41,51,67,66,65,44,44,1
18207,243099,Liu Bin,CDM,54,33,43,51,28,40,47,55,54,69,33,37,1
18213,246051,B. Buckley,CAM,73,40,43,49,42,40,50,75,72,53,41,49,0
18215,248703,R. Miranda,CM,58,40,52,53,36,35,46,60,56,61,47,58,2
18227,251824,N. Andermatt,CM,58,33,51,50,29,45,47,57,58,58,33,39,2
18240,252893,C. Painter,CDM,56,35,45,47,33,45,41,57,56,54,33,38,1
18244,248039,K. Barker,CM,60,34,46,49,29,49,49,59,61,50,42,35,2
18245,252553,C. Pattison,CM,69,40,44,50,40,38,52,73,65,63,48,45,2
18246,252883,H. Kyprianou,CM,63,41,47,44,41,41,45,59,66,65,48,42,2
18247,242696,Liu Guobo,CM,63,38,45,48,32,42,40,62,63,79,54,43,2
18252,248851,A. Aksungur,CM,58,33,47,48,27,44,42,64,53,58,32,36,2
18255,252548,C. Heath,CM,65,48,45,48,47,46,46,67,64,58,50,47,2
18258,240927,L. Collins,CM,70,40,46,53,38,30,51,68,71,56,44,46,2
18264,240917,Zhang Yufeng,CM,65,34,46,51,29,47,48,59,70,77,33,43,2
18266,245029,Wang Peng,CAM,60,34,51,47,30,35,49,52,67,45,41,54,0
18267,247002,J. Ryan,CM,57,36,44,47,31,49,46,62,53,58,54,48,2
18270,252568,M. Sagaf,CM,61,36,47,44,26,45,41,63,60,56,53,42,2
18271,243961,E. Tweed,CM,52,37,47,46,35,49,44,54,50,63,37,43,2
18275,252332,Zhang Wei,CM,54,35,44,45,33,49,49,55,54,52,38,39,2
18276,251110,Wang Haijian,CM,59,35,47,47,34,47,49,55,63,55,31,40,2
18277,233449,Pan Ximing,CM,60,32,51,45,30,48,46,54,64,52,29,42,2
